Metabolite,np OLFR2 A,np OLFR2 B,np OLFR2 C,np GPI1 A,np GPI1 B,NP GPI1 C,p OLFR2 A,p OLFR2 B,p GPI1 A,p GPI1 B
Beta-Alanine-13C-0,0,0,0,0,0,0,0,0,0,0
Beta-Alanine-13C-1,0,0,0,0,0,0,0,0,12276,11144
Beta-Alanine-13C-2,0,0,0,0,0,0,0,0,0,0
Beta-Alanine-13C-3,0,0,0,0,0,0,0,0,0,0
L-Alanine-13C-0,1075756,1226890,856796,1293463,1496918,1395972,4698670,2973272,4605862,4667022
L-Alanine-13C-1,24652,43945,29820,79094,83320,88995,224791,183146,576287,620068
L-Alanine-13C-2,125152,145576,64158,175268,192899,274535,931861,732167,1541646,1547417
L-Alanine-13C-3,4801030,5280686,5150669,4504337,5308810,5752600,23070404,20336240,26745644,27885438
Sarcosine-13C-0,382755,463937,0,369106,434856,547346,1952533,1537084,2530482,2212065
Sarcosine-13C-1,0,0,0,0,12110,29730,62251,41591,222956,210023
Sarcosine-13C-2,36969,37569,38425,31949,57141,83798,233981,237726,780224,698712
Sarcosine-13C-3,2031118,2232162,2108420,1572980,2358508,2855921,10173713,10628184,16151558,14094997
Betaine-13C-0,1599563,1018247,914697,1115921,1388791,1167586,3351263,1041295,1640229,2784380
Betaine-13C-1,41868,26877,16865,0,39228,26981,75763,22851,47434,29750
Betaine-13C-2,0,0,0,0,0,0,0,0,0,0
Betaine-13C-3,0,0,0,0,0,0,0,0,0,0
Betaine-13C-4,0,0,0,0,0,0,0,0,0,0
Betaine-13C-5,0,0,0,0,0,0,0,0,0,0
L-Valine-13C-0,11328204,11661317,8612517,8620252,9322067,7725954,23109674,10624565,11928142,16050589
L-Valine-13C-1,558158,635112,320709,367905,365506,294644,1267166,529638,509213,828853
L-Valine-13C-2,0,0,0,0,0,0,16681,0,12082,12276
L-Valine-13C-3,0,0,0,0,0,0,0,0,0,0
L-Valine-13C-4,0,0,0,0,0,0,0,14097,0,0
L-Valine-13C-5,21073,13374,14183,0,0,0,20760,334744,11821,18721
N-Acetyl-L-alanine-13C-0,0,0,0,0,0,0,0,0,0,0
N-Acetyl-L-alanine-13C-1,0,0,0,0,0,0,0,0,0,0
N-Acetyl-L-alanine-13C-2,0,0,0,0,0,0,0,0,0,0
N-Acetyl-L-alanine-13C-3,0,0,0,0,0,0,0,0,0,0
N-Acetyl-L-alanine-13C-4,0,0,0,0,0,0,0,0,0,0
N-Acetyl-L-alanine-13C-5,0,0,0,0,0,0,0,0,0,0
4-Hydroxyproline-13C-0,52527768,51749420,44861444,35423592,37598364,35463424,71808736,59573620,60893580,71741344
4-Hydroxyproline-13C-1,2867611,2827578,2442920,1906742,2138640,1726553,3959640,3348174,3528545,4198208
4-Hydroxyproline-13C-2,0,0,0,0,0,0,0,32623,43311,35108
4-Hydroxyproline-13C-3,0,0,0,0,0,0,0,0,0,0
4-Hydroxyproline-13C-4,0,0,0,0,0,0,0,0,0,0
4-Hydroxyproline-13C-5,0,0,0,0,0,0,0,0,0,0
L-Isoleucine-13C-0,23309526,25033886,17707794,16587162,16267296,16903468,32381342,24945308,24680690,35423024
L-Isoleucine-13C-1,1582482,1614298,1084312,989872,971588,1017953,2219833,1580852,1717251,2537110
L-Isoleucine-13C-2,18913,20497,0,0,0,14740,22254,24467,29008,39697
L-Isoleucine-13C-3,0,0,0,0,0,0,0,0,0,0
L-Isoleucine-13C-4,0,0,0,0,0,0,0,0,0,0
L-Isoleucine-13C-5,0,0,0,0,0,0,0,26098,0,0
L-Isoleucine-13C-6,60883,24750,18144,0,0,20522,24958,1153113,50485,67211
L-Leucine-13C-0,31414830,31048858,24205384,23652686,25939990,23027224,50719472,32309412,33811628,45092252
L-Leucine-13C-1,2050389,2167826,1655668,1527114,1744552,1386698,3310998,2186210,2272329,3198320
L-Leucine-13C-2,23587,23959,24939,15673,0,0,41856,30599,28697,50424
L-Leucine-13C-3,0,0,0,0,0,0,0,0,0,0
L-Leucine-13C-4,0,0,0,0,0,0,0,0,0,0
L-Leucine-13C-5,0,0,0,0,0,0,0,53051,0,0
L-Leucine-13C-6,265617,44526,86678,32394,48125,48940,71000,3338310,72245,192197
Dihydroxyacetone phosphate-13C-0,0,0,0,0,0,0,0,0,0,0
Dihydroxyacetone phosphate-13C-1,0,0,0,0,0,0,0,0,0,0
Dihydroxyacetone phosphate-13C-2,0,0,0,0,0,0,0,0,0,0
Dihydroxyacetone phosphate-13C-3,114087,0,129870,35489,43758,0,73272,343974,121125,119489
D-Glyceraldehyde 3-phosphate-13C-0,0,0,0,0,0,0,0,0,0,0
D-Glyceraldehyde 3-phosphate-13C-1,0,0,0,0,0,0,0,0,0,0
D-Glyceraldehyde 3-phosphate-13C-2,0,0,0,0,0,0,0,0,0,0
D-Glyceraldehyde 3-phosphate-13C-3,0,0,0,0,0,0,0,0,0,0
Ribose 1-phosphate-13C-0,0,0,0,0,0,0,0,0,0,0
Ribose 1-phosphate-13C-1,0,0,0,0,0,0,0,0,0,0
Ribose 1-phosphate-13C-2,0,0,0,0,0,0,0,0,0,0
Ribose 1-phosphate-13C-3,0,0,0,0,0,0,0,0,0,0
Ribose 1-phosphate-13C-4,0,0,0,0,0,0,0,0,0,0
Ribose 1-phosphate-13C-5,0,0,0,0,0,0,0,0,0,0
D-Ribose 5-phosphate-13C-0,0,0,0,0,0,0,0,0,0,0
D-Ribose 5-phosphate-13C-1,0,0,0,0,0,0,0,0,0,0
D-Ribose 5-phosphate-13C-2,0,0,0,0,0,0,0,0,0,0
D-Ribose 5-phosphate-13C-3,0,0,0,0,0,0,0,0,0,0
D-Ribose 5-phosphate-13C-4,0,0,0,0,0,0,0,0,0,0
D-Ribose 5-phosphate-13C-5,20721,0,27961,0,15236,0,12051,16571,0,15794
Fructose 6-phosphate-13C-0,0,0,0,0,0,0,0,0,0,0
Fructose 6-phosphate-13C-1,0,0,0,0,0,0,0,0,0,0
Fructose 6-phosphate-13C-2,0,0,0,0,0,0,0,0,0,0
Fructose 6-phosphate-13C-3,0,0,0,0,0,0,0,0,0,0
Fructose 6-phosphate-13C-4,62912,52715,0,44253,58548,43650,47415,0,70019,82814
Fructose 6-phosphate-13C-5,0,0,0,0,0,0,0,0,0,0
Fructose 6-phosphate-13C-6,0,0,47759,0,22233,0,18564,65639,17453,25354
Glucose 6-phosphate-13C-0,0,0,0,0,0,0,0,0,0,0
Glucose 6-phosphate-13C-1,0,0,0,0,0,0,0,0,0,0
Glucose 6-phosphate-13C-2,0,0,0,0,0,0,0,0,0,0
Glucose 6-phosphate-13C-3,0,0,0,0,0,0,0,0,0,0
Glucose 6-phosphate-13C-4,0,0,0,0,0,0,0,0,0,0
Glucose 6-phosphate-13C-5,0,0,0,0,0,0,0,0,0,12487
Glucose 6-phosphate-13C-6,0,0,70054,79993,136258,79120,43632,91189,90233,306541
N-Acetylserine-13C-0,0,0,0,0,0,0,0,0,0,0
N-Acetylserine-13C-1,0,0,0,0,0,0,0,0,0,0
N-Acetylserine-13C-2,0,0,0,0,0,0,0,0,0,0
N-Acetylserine-13C-3,0,0,0,0,0,0,63219,14665,0,0
N-Acetylserine-13C-4,0,0,0,0,0,0,36045,39333,0,0
N-Acetylserine-13C-5,0,0,0,0,0,0,0,0,0,0
L-Glutamic acid-13C-0,132718840,124449208,131454440,127564440,126467280,123212184,144145632,127481928,143932672,159789504
L-Glutamic acid-13C-1,9299144,8998039,9690995,12407559,12048140,11936981,10528155,9644841,12166836,13433161
L-Glutamic acid-13C-2,43017300,40226048,44116436,49472516,47755336,47156052,47832780,44192576,42537284,46375604
L-Glutamic acid-13C-3,10656917,10402681,11597741,15956045,15502040,15629403,11766854,10995804,11395585,12667326
L-Glutamic acid-13C-4,17337054,16548132,18238086,20377138,19590560,19891068,16950882,16243504,14215334,15131502
L-Glutamic acid-13C-5,10386188,9719412,11170886,9581389,9239248,9564923,9003757,10953929,6823526,6944898
Creatine-13C-0,6059289,4159616,4107760,3602753,4426977,4013804,5798299,2708752,1955037,2751705
Creatine-13C-1,156891,100246,100888,75605,73789,92465,105848,95372,33616,58142
Creatine-13C-2,104609,39080,50660,30684,32925,37942,52971,72797,33142,81486
Creatine-13C-3,0,0,0,0,0,0,0,0,0,0
Creatine-13C-4,0,0,0,0,0,0,0,0,0,0
L-Lysine-13C-0,0,0,0,0,0,0,0,0,0,0
L-Lysine-13C-1,0,0,0,0,0,0,0,0,0,0
L-Lysine-13C-2,0,0,0,0,0,0,0,0,0,0
L-Lysine-13C-3,0,0,0,0,0,0,0,0,0,0
L-Lysine-13C-4,0,0,0,0,0,0,0,0,0,0
L-Lysine-13C-5,0,0,0,0,0,0,0,0,0,0
L-Lysine-13C-6,0,0,0,0,0,0,0,0,0,0
L-Arginine-13C-0,24430536,21665418,23323414,17825714,22471660,16923092,33580696,22677442,25480810,34244904
L-Arginine-13C-1,1674890,1378242,1596137,1162420,1482795,1072448,2408284,1445742,1704758,2437865
L-Arginine-13C-2,0,0,0,0,0,0,0,0,0,0
L-Arginine-13C-3,0,0,0,0,0,0,0,0,0,0
L-Arginine-13C-4,0,0,0,0,0,0,0,0,0,0
L-Arginine-13C-5,0,0,0,0,0,0,0,0,0,0
L-Arginine-13C-6,0,0,0,0,0,0,0,0,0,0
L-Kynurenine-13C-0,20198,19315,16166,17809,17344,0,267119,272659,130893,116202
L-Kynurenine-13C-1,0,0,0,0,0,0,22078,0,0,0
L-Kynurenine-13C-2,0,0,0,0,0,0,0,0,0,0
L-Kynurenine-13C-3,0,0,0,0,0,0,0,0,0,0
L-Kynurenine-13C-4,0,0,0,0,0,0,0,0,0,0
L-Kynurenine-13C-5,0,0,0,0,0,0,0,0,0,0
L-Kynurenine-13C-6,0,0,0,0,0,0,0,0,0,0
L-Kynurenine-13C-7,0,0,0,0,0,0,0,0,0,0
L-Kynurenine-13C-8,0,0,0,0,0,0,0,0,0,0
L-Kynurenine-13C-9,0,0,0,0,0,0,0,0,0,0
L-Kynurenine-13C-10,0,0,0,0,0,0,0,0,0,0
Inosine-13C-0,43004,0,56533,47237,58866,58458,19284,124100,187230,138362
Inosine-13C-1,0,0,0,0,0,0,0,0,23590,21711
Inosine-13C-2,0,0,0,0,0,0,0,0,0,0
Inosine-13C-3,0,0,0,0,0,0,0,0,0,12705
Inosine-13C-4,21424,0,19313,0,22758,11529,0,22440,37442,29327
Inosine-13C-5,926822,159925,930828,594344,661716,615548,160927,1230032,1405743,983095
Inosine-13C-6,601985,122368,757372,550181,621128,592788,212186,1312391,876165,679500
Inosine-13C-7,269648,79582,333157,269617,366957,299600,102033,912163,397160,319345
Inosine-13C-8,159531,59521,161337,153607,160523,171136,110579,636365,234115,213821
Inosine-13C-9,35651,24293,45013,46711,38562,45281,0,217752,76709,54770
Inosine-13C-10,0,0,0,0,0,0,0,0,0,0
Xanthosine-13C-0,0,0,0,0,0,0,0,0,0,0
Xanthosine-13C-1,0,0,0,0,0,0,0,0,11594,0
Xanthosine-13C-2,0,0,0,0,0,0,0,0,0,0
Xanthosine-13C-3,0,0,0,0,0,0,0,0,0,0
Xanthosine-13C-4,0,0,0,0,0,0,0,0,0,0
Xanthosine-13C-5,0,0,0,0,0,0,0,0,0,0
Xanthosine-13C-6,0,0,0,0,0,0,0,0,0,0
Xanthosine-13C-7,0,0,0,0,0,0,0,0,0,0
Xanthosine-13C-8,0,0,0,0,0,0,0,0,0,0
Xanthosine-13C-9,0,0,0,0,0,0,0,0,0,0
Xanthosine-13C-10,0,0,0,0,0,0,0,0,0,0
Cyclic AMP-13C-0,0,0,0,0,0,0,0,0,0,0
Cyclic AMP-13C-1,0,0,0,0,0,0,0,0,0,0
Cyclic AMP-13C-2,0,0,0,0,0,0,0,0,0,0
Cyclic AMP-13C-3,0,0,0,0,0,0,0,0,0,0
Cyclic AMP-13C-4,0,0,0,0,0,0,0,0,0,0
Cyclic AMP-13C-5,0,0,0,0,0,0,0,12036,0,11274
Cyclic AMP-13C-6,0,0,11139,0,0,0,0,0,0,0
Cyclic AMP-13C-7,0,0,0,0,0,0,0,0,0,0
Cyclic AMP-13C-8,0,0,0,0,0,0,0,0,0,0
Cyclic AMP-13C-9,0,0,0,0,0,0,0,0,0,0
Cyclic AMP-13C-10,0,0,0,0,0,0,0,0,0,0
Orotidylic acid-13C-0,0,0,0,0,0,0,0,0,0,0
Orotidylic acid-13C-1,0,0,0,0,0,0,0,0,0,0
Orotidylic acid-13C-2,0,0,0,0,0,0,0,0,0,0
Orotidylic acid-13C-3,0,0,0,0,0,15871,0,0,0,27042
Orotidylic acid-13C-4,0,0,0,0,0,0,0,0,0,0
Orotidylic acid-13C-5,0,0,0,0,0,0,0,0,0,0
Orotidylic acid-13C-6,0,0,0,0,0,0,0,0,0,0
Orotidylic acid-13C-7,0,0,0,0,0,0,0,0,0,0
Orotidylic acid-13C-8,0,0,0,0,0,0,0,0,0,0
Orotidylic acid-13C-9,0,0,0,0,0,0,0,0,0,0
Orotidylic acid-13C-10,0,0,0,0,0,0,0,0,0,0
Inosinic acid-13C-0,0,0,0,0,0,0,0,0,0,0
Inosinic acid-13C-1,0,0,0,0,0,0,0,0,0,0
Inosinic acid-13C-2,0,0,0,0,0,0,0,0,0,0
Inosinic acid-13C-3,0,0,0,0,0,0,0,0,0,0
Inosinic acid-13C-4,0,0,0,0,16491,0,0,0,0,0
Inosinic acid-13C-5,0,0,0,0,0,0,0,0,0,0
Inosinic acid-13C-6,0,0,0,0,0,0,0,0,0,0
Inosinic acid-13C-7,0,0,0,0,0,0,0,0,0,0
Inosinic acid-13C-8,0,0,0,0,0,0,0,0,0,0
Inosinic acid-13C-9,0,0,0,0,0,0,0,0,0,0
Inosinic acid-13C-10,74825,35086,34521,62664,55330,77632,32242,36782,36386,29875
Xanthylic acid-13C-0,0,0,0,0,0,0,0,0,0,0
Xanthylic acid-13C-1,0,0,0,0,0,0,0,0,0,0
Xanthylic acid-13C-2,0,0,0,0,0,0,0,0,0,0
Xanthylic acid-13C-3,0,0,0,0,0,0,0,0,0,0
Xanthylic acid-13C-4,0,0,0,0,0,0,0,0,0,0
Xanthylic acid-13C-5,0,0,0,0,0,0,0,0,0,0
Xanthylic acid-13C-6,0,0,0,0,0,0,0,0,0,0
Xanthylic acid-13C-7,0,0,0,0,0,0,0,0,0,0
Xanthylic acid-13C-8,0,0,0,0,0,0,0,0,0,0
Xanthylic acid-13C-9,0,0,0,0,0,0,0,0,0,0
Xanthylic acid-13C-10,0,0,0,0,0,0,0,0,0,0
Adenosine-13C-0,0,0,0,0,0,0,110310,0,0,0
Adenosine-13C-1,0,11678,0,0,0,0,0,0,0,0
Adenosine-13C-2,0,0,0,0,0,0,0,0,0,0
Adenosine-13C-3,0,0,0,0,0,0,0,0,0,0
Adenosine-13C-4,0,22146,0,0,11544,10807,22612,0,0,0
Adenosine-13C-5,98532,1114076,129847,373535,164994,307006,847894,143242,252572,103942
Adenosine-13C-6,65029,891193,119365,322133,140794,263211,739374,157139,155576,75790
Adenosine-13C-7,33944,394625,63895,147995,92357,146922,553717,119128,80389,42444
Adenosine-13C-8,0,160133,31816,84211,40698,81661,380749,55526,30646,26388
Adenosine-13C-9,0,38531,12782,22927,14723,25561,94296,0,16373,0
Adenosine-13C-10,0,0,0,0,0,0,0,0,0,0
Guanosine-13C-0,0,0,20545,41248,36204,33808,0,23870,33252,25098
Guanosine-13C-1,0,0,0,0,0,0,0,0,0,0
Guanosine-13C-2,0,0,0,0,0,0,0,0,0,0
Guanosine-13C-3,0,0,0,0,0,0,0,0,0,0
Guanosine-13C-4,0,0,0,0,0,0,0,0,0,0
Guanosine-13C-5,56869,37169,52584,84032,70564,86534,39351,89201,86842,78771
Guanosine-13C-6,31139,0,36910,67953,46107,46890,36740,51239,51309,36485
Guanosine-13C-7,30427,0,26177,34689,21306,19495,19255,35596,27727,23919
Guanosine-13C-8,18487,0,0,38135,0,22344,0,22869,14438,0
Guanosine-13C-9,0,0,0,0,0,0,0,0,0,0
Guanosine-13C-10,0,0,0,0,0,0,0,0,0,0
Thymidine-13C-0,0,0,0,0,0,0,0,0,0,0
Thymidine-13C-1,29446,29392,36185,31792,24578,23854,23178,28955,20103,22504
Thymidine-13C-2,0,0,0,0,0,0,0,0,0,0
Thymidine-13C-3,0,0,0,0,0,0,0,0,0,0
Thymidine-13C-4,0,0,0,0,0,0,0,0,0,0
Thymidine-13C-5,0,0,0,0,0,0,0,0,0,0
Thymidine-13C-6,0,0,0,0,0,0,0,0,0,0
Thymidine-13C-7,0,0,0,0,0,0,0,0,0,0
Thymidine-13C-8,0,0,0,0,0,0,0,0,0,0
Thymidine-13C-9,0,0,0,0,0,0,0,0,0,0
Thymidine-13C-10,0,0,0,0,0,0,0,0,0,0
Adenosine monophosphate-13C-0,0,0,0,0,0,0,0,0,0,55823
Adenosine monophosphate-13C-1,0,0,0,0,0,0,0,0,0,0
Adenosine monophosphate-13C-2,0,0,0,0,0,0,0,0,0,0
Adenosine monophosphate-13C-3,0,0,0,0,0,0,0,0,0,0
Adenosine monophosphate-13C-4,0,0,0,0,0,0,0,0,0,0
Adenosine monophosphate-13C-5,0,0,0,0,0,0,52511,0,98219,173674
Adenosine monophosphate-13C-6,0,0,0,0,0,0,67859,78243,51299,121383
Adenosine monophosphate-13C-7,0,0,0,0,0,0,0,22635,35865,76458
Adenosine monophosphate-13C-8,0,10463,0,0,0,0,52984,0,39356,62734
Adenosine monophosphate-13C-9,0,0,0,0,0,0,0,11328,11908,10393
Adenosine monophosphate-13C-10,0,0,0,0,0,0,0,0,0,0
Guanosine monophosphate-13C-0,0,0,0,0,0,0,0,0,0,0
Guanosine monophosphate-13C-1,0,0,0,0,0,0,0,0,0,0
Guanosine monophosphate-13C-2,0,0,0,0,0,0,0,0,0,0
Guanosine monophosphate-13C-3,0,0,0,0,0,0,0,0,0,0
Guanosine monophosphate-13C-4,0,0,0,0,0,0,0,0,0,0
Guanosine monophosphate-13C-5,0,0,0,0,0,0,0,0,0,0
Guanosine monophosphate-13C-6,0,0,0,0,0,0,0,0,0,0
Guanosine monophosphate-13C-7,0,0,0,0,0,0,0,0,0,0
Guanosine monophosphate-13C-8,0,0,0,0,0,0,0,0,0,0
Guanosine monophosphate-13C-9,0,0,0,0,0,0,0,0,0,0
Guanosine monophosphate-13C-10,0,0,0,0,0,0,0,0,0,0
ADP-13C-0,0,0,0,0,0,0,0,0,0,0
ADP-13C-1,0,0,0,0,0,0,0,0,0,0
ADP-13C-2,0,0,0,0,0,0,0,0,0,0
ADP-13C-3,0,0,0,0,0,0,0,0,0,0
ADP-13C-4,0,0,0,0,0,0,0,0,0,0
ADP-13C-5,0,0,0,0,0,0,0,0,0,11321
ADP-13C-6,0,0,0,0,0,0,0,0,0,0
ADP-13C-7,0,0,0,0,0,0,0,0,0,0
ADP-13C-8,0,0,0,0,0,0,0,0,0,0
ADP-13C-9,0,0,0,0,0,0,0,0,0,0
ADP-13C-10,0,0,0,0,0,0,0,0,0,0
Guanosine diphosphate-13C-0,0,0,0,0,0,0,0,0,0,0
Guanosine diphosphate-13C-1,0,0,0,0,0,0,0,0,0,0
Guanosine diphosphate-13C-2,0,0,0,0,0,0,0,0,0,0
Guanosine diphosphate-13C-3,0,0,0,0,0,0,0,0,0,0
Guanosine diphosphate-13C-4,0,0,0,0,0,0,0,0,0,0
Guanosine diphosphate-13C-5,0,0,0,0,0,0,0,0,0,0
Guanosine diphosphate-13C-6,0,0,0,0,0,0,0,0,0,0
Guanosine diphosphate-13C-7,0,0,0,0,0,0,0,0,0,0
Guanosine diphosphate-13C-8,0,0,0,0,0,0,0,0,0,0
Guanosine diphosphate-13C-9,0,0,0,0,0,0,0,0,0,0
Guanosine diphosphate-13C-10,0,0,0,0,0,0,0,0,0,0
dTDP-13C-0,0,0,0,0,0,0,0,0,0,0
dTDP-13C-1,0,0,0,0,0,0,0,0,0,0
dTDP-13C-2,0,0,0,0,0,0,0,0,0,0
dTDP-13C-3,0,0,0,0,0,0,0,0,0,0
dTDP-13C-4,0,0,0,0,0,0,0,0,0,0
dTDP-13C-5,0,0,0,0,0,0,0,0,0,0
dTDP-13C-6,0,0,0,0,0,0,0,0,0,0
dTDP-13C-7,0,0,0,0,0,0,0,0,0,0
dTDP-13C-8,0,0,0,0,0,0,0,0,0,0
dTDP-13C-9,0,0,0,0,0,0,0,0,0,0
dTDP-13C-10,0,0,0,0,0,0,0,0,0,0
Adenosine triphosphate-13C-0,0,0,0,0,0,0,0,0,0,0
Adenosine triphosphate-13C-1,0,0,0,0,0,0,0,0,0,0
Adenosine triphosphate-13C-2,0,0,0,0,0,0,0,0,0,0
Adenosine triphosphate-13C-3,0,0,0,0,0,0,0,0,0,0
Adenosine triphosphate-13C-4,0,0,0,0,0,0,0,0,0,0
Adenosine triphosphate-13C-5,0,0,0,0,0,0,0,0,0,0
Adenosine triphosphate-13C-6,0,0,0,0,0,0,0,0,0,0
Adenosine triphosphate-13C-7,0,0,0,0,0,0,0,0,0,0
Adenosine triphosphate-13C-8,0,0,0,0,0,0,0,0,0,0
Adenosine triphosphate-13C-9,0,0,0,0,0,0,0,0,0,0
Adenosine triphosphate-13C-10,0,0,0,0,0,0,0,0,0,0
Guanosine triphosphate-13C-0,0,0,0,0,0,0,0,0,0,0
Guanosine triphosphate-13C-1,0,0,0,0,0,0,0,0,0,0
Guanosine triphosphate-13C-2,0,0,0,0,0,0,0,0,0,0
Guanosine triphosphate-13C-3,0,0,0,0,0,0,0,0,0,0
Guanosine triphosphate-13C-4,0,0,0,0,0,0,0,0,0,0
Guanosine triphosphate-13C-5,0,0,0,0,0,0,0,0,0,0
Guanosine triphosphate-13C-6,0,0,0,0,0,0,0,0,0,0
Guanosine triphosphate-13C-7,0,0,0,0,0,0,0,0,0,0
Guanosine triphosphate-13C-8,0,0,0,0,0,0,0,0,0,0
Guanosine triphosphate-13C-9,0,0,0,0,0,0,0,0,0,0
Guanosine triphosphate-13C-10,0,0,0,0,0,0,0,0,0,0
Glutathione-13C-0,63512,67810,60018,51800,53301,65422,59725,69709,70928,114809
Glutathione-13C-1,0,0,0,0,0,0,0,0,0,0
Glutathione-13C-2,0,0,0,0,0,0,0,0,0,0
Glutathione-13C-3,0,0,0,0,0,0,0,0,0,0
Glutathione-13C-4,0,0,0,0,0,0,0,0,0,0
Glutathione-13C-5,0,0,0,0,0,0,0,0,0,0
Glutathione-13C-6,0,0,0,0,0,0,0,0,0,0
Glutathione-13C-7,0,0,0,0,0,0,0,0,0,0
Glutathione-13C-8,0,0,0,0,0,0,0,0,0,0
Glutathione-13C-9,0,0,0,0,0,0,0,0,0,0
Glutathione-13C-10,0,0,0,0,0,0,0,0,0,0
Argininosuccinic acid-13C-0,0,0,0,0,0,0,17041,17132,17893,12446
Argininosuccinic acid-13C-1,0,0,0,0,0,0,0,0,0,0
Argininosuccinic acid-13C-2,0,0,0,0,0,0,0,0,0,0
Argininosuccinic acid-13C-3,0,0,0,0,0,0,0,0,0,0
Argininosuccinic acid-13C-4,0,0,0,0,0,0,0,0,0,0
Argininosuccinic acid-13C-5,0,0,0,0,0,0,0,0,0,0
Argininosuccinic acid-13C-6,0,0,0,0,0,0,0,0,0,0
Argininosuccinic acid-13C-7,0,0,0,0,0,0,0,0,0,0
Argininosuccinic acid-13C-8,0,0,0,0,0,0,0,0,0,0
Argininosuccinic acid-13C-9,0,0,0,0,0,0,0,0,0,0
Argininosuccinic acid-13C-10,0,0,0,0,0,0,0,0,0,0
Propionylcarnitine-13C-0,0,0,0,0,0,0,0,0,0,0
Propionylcarnitine-13C-1,0,0,0,0,0,0,0,0,0,0
Propionylcarnitine-13C-2,0,0,0,0,0,0,0,0,0,0
Propionylcarnitine-13C-3,0,0,0,0,0,0,0,0,0,0
Propionylcarnitine-13C-4,0,0,0,0,0,0,0,0,0,0
Propionylcarnitine-13C-5,0,0,0,0,0,0,0,0,0,0
Propionylcarnitine-13C-6,0,0,0,0,0,0,0,0,0,0
Propionylcarnitine-13C-7,0,0,0,0,0,0,0,0,0,0
Propionylcarnitine-13C-8,0,0,0,0,0,0,0,0,0,0
Propionylcarnitine-13C-9,0,0,0,0,0,0,0,0,0,0
Propionylcarnitine-13C-10,0,0,0,0,0,0,0,0,0,0
L-Tryptophan-13C-0,1280004,1318036,1014902,993361,1134686,876164,2316634,1275974,1487906,2382741
L-Tryptophan-13C-1,66563,74201,56760,46004,69421,67011,120322,56567,81443,105955
L-Tryptophan-13C-2,0,0,0,0,0,0,0,0,0,0
L-Tryptophan-13C-3,0,0,0,0,0,0,0,0,0,0
L-Tryptophan-13C-4,0,0,0,0,0,0,0,0,0,0
L-Tryptophan-13C-5,0,0,0,0,0,0,0,0,0,0
L-Tryptophan-13C-6,0,0,0,0,0,0,0,0,0,0
L-Tryptophan-13C-7,0,0,0,0,0,0,0,0,0,0
L-Tryptophan-13C-8,0,0,0,0,0,0,0,0,0,0
L-Tryptophan-13C-9,0,0,0,0,0,0,0,0,0,0
L-Tryptophan-13C-10,0,0,0,0,0,0,0,0,0,0
L-Tryptophan-13C-11,0,0,0,0,0,0,0,0,0,0
N-Acetyl-L-phenylalanine-13C-0,0,0,0,0,0,0,0,0,0,0
N-Acetyl-L-phenylalanine-13C-1,0,0,0,0,0,0,0,0,0,0
N-Acetyl-L-phenylalanine-13C-2,0,0,0,0,0,0,0,0,0,0
N-Acetyl-L-phenylalanine-13C-3,0,106730,0,0,0,0,0,0,0,0
N-Acetyl-L-phenylalanine-13C-4,0,0,0,0,0,0,0,0,0,0
N-Acetyl-L-phenylalanine-13C-5,0,0,0,0,0,0,0,0,0,0
N-Acetyl-L-phenylalanine-13C-6,0,0,0,0,0,0,0,0,0,0
N-Acetyl-L-phenylalanine-13C-7,0,0,0,0,0,0,0,0,13378,0
N-Acetyl-L-phenylalanine-13C-8,0,0,0,0,0,0,0,0,0,0
N-Acetyl-L-phenylalanine-13C-9,0,0,0,0,0,0,0,0,0,0
N-Acetyl-L-phenylalanine-13C-10,0,0,0,0,0,0,0,0,0,0
N-Acetyl-L-phenylalanine-13C-11,0,0,0,0,0,0,0,0,0,0
5'-Methylthioadenosine-13C-0,0,0,0,0,0,0,0,0,10175,0
5'-Methylthioadenosine-13C-1,0,0,0,0,0,0,0,0,0,0
5'-Methylthioadenosine-13C-2,0,0,0,0,0,0,0,0,0,0
5'-Methylthioadenosine-13C-3,0,0,0,0,0,0,0,0,0,0
5'-Methylthioadenosine-13C-4,0,0,0,0,0,0,0,0,0,0
5'-Methylthioadenosine-13C-5,15818,15516,26573,10377,22734,12909,31958,25201,37260,35294
5'-Methylthioadenosine-13C-6,25361,11106,13603,17080,13068,18741,29320,42758,19337,37129
5'-Methylthioadenosine-13C-7,10278,0,15611,10887,12626,12395,23543,27442,16708,17600
5'-Methylthioadenosine-13C-8,0,0,0,0,0,0,17421,21450,10359,11945
5'-Methylthioadenosine-13C-9,0,0,0,0,0,0,0,0,0,0
5'-Methylthioadenosine-13C-10,0,0,0,0,0,0,0,0,0,0
5'-Methylthioadenosine-13C-11,0,0,0,0,0,0,0,0,0,0
Saccharopine-13C-0,0,0,0,0,0,0,0,0,0,0
Saccharopine-13C-1,0,0,0,0,0,0,0,0,0,0
Saccharopine-13C-2,0,0,0,0,0,0,23327,25270,33026,22298
Saccharopine-13C-3,0,0,0,0,0,0,0,0,0,0
Saccharopine-13C-4,0,0,0,0,0,0,0,0,0,0
Saccharopine-13C-5,0,0,0,0,0,0,0,0,0,0
Saccharopine-13C-6,0,0,0,0,0,0,0,0,0,0
Saccharopine-13C-7,0,0,0,0,0,0,0,0,0,0
Saccharopine-13C-8,0,0,0,0,0,0,0,0,0,0
Saccharopine-13C-9,0,0,0,0,0,0,0,0,0,0
Saccharopine-13C-10,0,0,0,0,0,0,0,0,0,0
Saccharopine-13C-11,0,0,0,0,0,0,0,0,0,0
Butyrylcarnitine-13C-0,0,0,0,0,0,0,0,0,0,0
Butyrylcarnitine-13C-1,0,0,0,0,0,0,0,0,0,0
Butyrylcarnitine-13C-2,0,0,11533,0,0,10388,13206,0,0,0
Butyrylcarnitine-13C-3,0,0,0,0,0,0,0,0,0,0
Butyrylcarnitine-13C-4,26414,33662,35216,28438,30729,28736,31210,25457,10847,0
Butyrylcarnitine-13C-5,0,0,0,0,0,0,0,0,0,0
Butyrylcarnitine-13C-6,0,0,0,0,0,0,0,0,0,0
Butyrylcarnitine-13C-7,0,0,0,0,0,0,0,0,0,0
Butyrylcarnitine-13C-8,0,0,0,0,0,0,0,0,0,0
Butyrylcarnitine-13C-9,0,0,0,0,0,0,0,0,0,0
Butyrylcarnitine-13C-10,0,0,0,0,0,0,0,0,0,0
Butyrylcarnitine-13C-11,0,0,0,0,0,0,0,0,0,0
Valerylcarnitine-13C-0,0,0,0,0,0,0,0,0,0,0
Valerylcarnitine-13C-1,0,0,0,0,0,0,0,0,0,0
Valerylcarnitine-13C-2,0,0,0,0,0,0,0,0,0,0
Valerylcarnitine-13C-3,0,0,0,0,0,0,0,0,0,0
Valerylcarnitine-13C-4,0,0,0,0,0,0,0,0,0,0
Valerylcarnitine-13C-5,0,0,0,0,0,0,0,0,0,0
Valerylcarnitine-13C-6,0,0,0,0,0,0,0,0,0,0
Valerylcarnitine-13C-7,0,0,0,0,0,0,0,0,0,0
Valerylcarnitine-13C-8,0,0,0,0,0,0,0,0,0,0
Valerylcarnitine-13C-9,0,0,0,0,0,0,0,0,0,0
Valerylcarnitine-13C-10,0,0,0,0,0,0,0,0,0,0
Valerylcarnitine-13C-11,0,0,0,0,0,0,0,0,20906,0
Valerylcarnitine-13C-12,0,0,0,0,0,0,0,0,0,0
Adenylsuccinic acid-13C-0,0,0,0,0,0,0,0,0,0,0
Adenylsuccinic acid-13C-1,0,0,0,0,0,0,0,0,0,0
Adenylsuccinic acid-13C-2,0,0,0,0,0,0,0,0,0,0
Adenylsuccinic acid-13C-3,0,0,0,0,0,0,0,0,0,0
Adenylsuccinic acid-13C-4,0,0,0,0,0,0,0,0,0,0
Adenylsuccinic acid-13C-5,0,0,0,0,0,0,0,0,0,0
Adenylsuccinic acid-13C-6,0,0,0,0,0,0,0,0,0,0
Adenylsuccinic acid-13C-7,0,0,0,0,0,0,0,0,0,0
Adenylsuccinic acid-13C-8,0,0,0,0,0,0,0,0,0,0
Adenylsuccinic acid-13C-9,0,0,0,0,0,0,0,0,0,0
Adenylsuccinic acid-13C-10,0,0,0,0,0,0,0,0,0,0
Adenylsuccinic acid-13C-11,0,0,0,0,0,0,0,0,0,0
Adenylsuccinic acid-13C-12,0,0,0,0,0,0,0,0,0,0
Adenylsuccinic acid-13C-13,0,0,0,0,0,0,0,0,0,0
Adenylsuccinic acid-13C-14,0,0,0,0,0,0,0,0,0,0
S-Adenosylhomocysteine-13C-0,0,0,0,0,0,0,0,0,0,0
S-Adenosylhomocysteine-13C-1,0,0,0,0,0,0,0,0,0,0
S-Adenosylhomocysteine-13C-2,0,0,0,0,0,0,0,0,0,0
S-Adenosylhomocysteine-13C-3,0,0,0,0,0,0,0,0,0,0
S-Adenosylhomocysteine-13C-4,0,0,0,0,0,0,0,0,0,0
S-Adenosylhomocysteine-13C-5,0,0,0,0,0,0,0,0,0,0
S-Adenosylhomocysteine-13C-6,0,0,0,0,0,0,0,0,0,0
S-Adenosylhomocysteine-13C-7,0,0,0,0,0,0,0,0,0,0
S-Adenosylhomocysteine-13C-8,0,0,0,0,0,0,0,0,0,0
S-Adenosylhomocysteine-13C-9,0,0,0,0,0,0,0,0,0,0
S-Adenosylhomocysteine-13C-10,44768,35236,25131,22924,25242,40868,49679,35657,42922,45022
S-Adenosylhomocysteine-13C-11,0,0,0,0,0,0,0,0,0,0
S-Adenosylhomocysteine-13C-12,0,0,0,0,0,0,0,0,0,0
S-Adenosylhomocysteine-13C-13,0,0,0,0,0,0,0,0,0,0
S-Adenosylhomocysteine-13C-14,0,0,0,0,0,0,0,0,0,0
S-Adenosylmethionine-13C-0,0,0,0,0,0,0,11339,18410,19351,32373
S-Adenosylmethionine-13C-1,0,0,0,0,0,0,0,0,0,0
S-Adenosylmethionine-13C-2,0,0,0,0,0,0,0,0,0,0
S-Adenosylmethionine-13C-3,0,0,0,0,0,0,0,0,0,0
S-Adenosylmethionine-13C-4,0,0,0,0,0,0,0,10814,0,0
S-Adenosylmethionine-13C-5,80142,23082,64469,30989,55957,31058,65418,119469,94740,189802
S-Adenosylmethionine-13C-6,65176,15880,75102,41058,63420,41824,103386,135900,68347,162235
S-Adenosylmethionine-13C-7,58347,0,35733,30163,38813,22873,65433,92095,54481,81509
S-Adenosylmethionine-13C-8,22421,0,0,17726,0,16274,36706,75784,27340,41484
S-Adenosylmethionine-13C-9,11366,0,0,0,0,0,25614,38273,0,25823
S-Adenosylmethionine-13C-10,0,0,0,0,0,0,10104,0,0,0
S-Adenosylmethionine-13C-11,0,0,0,0,0,0,0,0,0,0
S-Adenosylmethionine-13C-12,0,0,0,0,0,0,0,0,0,0
S-Adenosylmethionine-13C-13,0,0,0,0,0,0,0,0,0,0
S-Adenosylmethionine-13C-14,0,0,0,0,0,0,0,0,0,0
S-Adenosylmethionine-13C-15,0,0,0,0,0,0,0,0,0,0
Adenosine diphosphate ribose-13C-0,0,0,0,0,0,0,0,0,0,0
Adenosine diphosphate ribose-13C-1,0,0,0,0,0,0,0,0,0,0
Adenosine diphosphate ribose-13C-2,0,0,0,0,0,0,0,0,0,0
Adenosine diphosphate ribose-13C-3,0,0,0,0,0,0,0,0,0,0
Adenosine diphosphate ribose-13C-4,0,0,0,0,0,0,0,0,0,0
Adenosine diphosphate ribose-13C-5,0,0,0,0,0,0,0,0,0,0
Adenosine diphosphate ribose-13C-6,0,0,0,0,0,0,0,0,0,0
Adenosine diphosphate ribose-13C-7,0,0,0,0,0,0,0,0,0,0
Adenosine diphosphate ribose-13C-8,0,0,0,0,0,0,0,0,0,0
Adenosine diphosphate ribose-13C-9,0,0,0,0,0,0,0,0,0,0
Adenosine diphosphate ribose-13C-10,0,0,0,0,0,0,0,0,0,0
Adenosine diphosphate ribose-13C-11,0,0,0,0,0,0,0,0,0,0
Adenosine diphosphate ribose-13C-12,0,0,0,0,0,0,0,0,0,0
Adenosine diphosphate ribose-13C-13,0,0,0,0,0,0,0,0,0,0
Adenosine diphosphate ribose-13C-14,0,0,0,0,0,0,0,0,0,0
Adenosine diphosphate ribose-13C-15,0,0,0,0,0,0,0,0,0,0
Uridine diphosphate glucose-13C-0,0,0,0,0,0,0,0,0,0,0
Uridine diphosphate glucose-13C-1,0,0,0,0,0,0,0,0,0,0
Uridine diphosphate glucose-13C-2,0,0,0,0,0,0,0,0,0,0
Uridine diphosphate glucose-13C-3,0,0,0,0,0,0,0,0,0,0
Uridine diphosphate glucose-13C-4,0,0,0,0,0,0,0,0,0,0
Uridine diphosphate glucose-13C-5,0,0,0,0,0,0,0,0,0,0
Uridine diphosphate glucose-13C-6,11405,0,0,0,0,0,20870,23452,19517,21870
Uridine diphosphate glucose-13C-7,0,0,0,0,0,0,0,0,0,0
Uridine diphosphate glucose-13C-8,0,0,0,0,0,0,0,0,0,0
Uridine diphosphate glucose-13C-9,0,0,0,0,0,0,0,0,0,0
Uridine diphosphate glucose-13C-10,16377,0,23882,0,0,13513,21797,22481,20120,15642
Uridine diphosphate glucose-13C-11,177140,104972,155120,84846,100828,103791,158361,198654,101632,117313
Uridine diphosphate glucose-13C-12,33879,21076,33118,20444,27055,29431,32885,38802,18808,27913
Uridine diphosphate glucose-13C-13,54841,33756,39737,28879,34183,30607,35583,52671,18824,32682
Uridine diphosphate glucose-13C-14,15595,18566,16919,13532,18552,12011,0,23728,0,0
Uridine diphosphate glucose-13C-15,0,0,0,0,0,0,0,0,0,0
Palmitic acid-13C-0,0,0,0,0,0,0,0,6562110,0,0
Palmitic acid-13C-1,0,0,0,0,0,0,0,555832,0,0
Palmitic acid-13C-2,0,0,0,0,0,0,0,0,0,0
Palmitic acid-13C-3,0,0,0,0,0,0,0,0,0,0
Palmitic acid-13C-4,0,0,0,0,0,0,0,0,0,0
Palmitic acid-13C-5,0,0,0,0,0,0,0,0,0,0
Palmitic acid-13C-6,0,0,0,0,0,0,0,0,0,0
Palmitic acid-13C-7,0,0,0,0,0,0,0,0,0,0
Palmitic acid-13C-8,0,0,0,0,0,0,0,0,0,0
Palmitic acid-13C-9,0,0,0,0,0,0,0,0,0,0
Palmitic acid-13C-10,0,0,0,0,0,0,0,0,0,0
Palmitic acid-13C-11,0,0,0,0,0,0,0,0,0,0
Palmitic acid-13C-12,0,0,0,0,0,0,0,0,0,0
Palmitic acid-13C-13,0,0,0,0,0,0,0,0,0,0
Palmitic acid-13C-14,0,0,0,0,0,0,0,0,0,0
Palmitic acid-13C-15,0,0,0,0,0,0,0,0,0,0
Palmitic acid-13C-16,0,0,0,0,0,0,0,0,0,0
Uridine diphosphate-N-acetylglucosamine-13C-0,0,0,0,0,0,0,0,0,0,0
Uridine diphosphate-N-acetylglucosamine-13C-1,0,0,0,0,0,0,0,0,0,0
Uridine diphosphate-N-acetylglucosamine-13C-2,0,0,0,0,0,0,0,0,0,0
Uridine diphosphate-N-acetylglucosamine-13C-3,0,0,0,0,0,0,0,0,0,0
Uridine diphosphate-N-acetylglucosamine-13C-4,0,0,0,0,0,0,0,0,0,0
Uridine diphosphate-N-acetylglucosamine-13C-5,0,0,0,0,0,0,0,0,0,0
Uridine diphosphate-N-acetylglucosamine-13C-6,0,0,0,0,0,0,0,0,0,0
Uridine diphosphate-N-acetylglucosamine-13C-7,0,0,0,0,0,0,0,0,0,0
Uridine diphosphate-N-acetylglucosamine-13C-8,0,0,0,0,0,0,15194,14692,0,0
Uridine diphosphate-N-acetylglucosamine-13C-9,0,0,0,0,0,0,0,0,0,0
Uridine diphosphate-N-acetylglucosamine-13C-10,0,0,0,0,0,0,0,0,0,0
Uridine diphosphate-N-acetylglucosamine-13C-11,0,0,0,0,0,0,15719,15776,10142,10413
Uridine diphosphate-N-acetylglucosamine-13C-12,0,0,0,0,0,0,22164,15590,11377,0
Uridine diphosphate-N-acetylglucosamine-13C-13,57258,60471,70496,27528,23651,25315,164644,106114,42466,55644
Uridine diphosphate-N-acetylglucosamine-13C-14,14336,0,12729,0,0,0,29284,25299,0,0
Uridine diphosphate-N-acetylglucosamine-13C-15,12650,25295,19891,0,0,0,39521,24555,13821,15090
Uridine diphosphate-N-acetylglucosamine-13C-16,0,0,0,0,0,0,14421,0,0,0
Uridine diphosphate-N-acetylglucosamine-13C-17,0,0,0,0,0,0,0,0,0,0
Folic acid-13C-0,0,0,0,0,0,0,0,0,0,0
Folic acid-13C-1,0,0,0,0,0,0,0,0,0,0
Folic acid-13C-2,0,0,0,0,0,0,0,0,0,0
Folic acid-13C-3,0,0,0,0,0,0,0,0,0,0
Folic acid-13C-4,0,0,0,0,0,0,0,0,0,0
Folic acid-13C-5,0,0,0,0,0,0,0,0,0,0
Folic acid-13C-6,0,0,0,0,0,0,0,0,0,0
Folic acid-13C-7,0,0,0,0,0,0,0,0,0,0
Folic acid-13C-8,0,0,0,0,0,0,0,0,0,0
Folic acid-13C-9,0,0,0,0,0,0,0,0,0,0
Folic acid-13C-10,0,0,0,0,0,0,0,0,0,0
Folic acid-13C-11,0,0,0,0,0,0,0,0,0,0
Folic acid-13C-12,0,0,0,0,0,0,0,0,0,0
Folic acid-13C-13,0,0,0,0,0,0,0,0,0,0
Folic acid-13C-14,0,0,0,0,0,0,0,0,0,0
Folic acid-13C-15,0,0,0,0,0,0,0,0,0,0
Folic acid-13C-16,0,0,0,0,0,0,0,0,0,0
Folic acid-13C-17,0,0,0,0,0,0,0,0,0,0
Folic acid-13C-18,0,0,0,0,0,0,0,0,0,0
Folic acid-13C-19,0,0,0,0,0,0,0,0,0,0
Dihydrofolic acid-13C-0,0,0,0,0,0,0,0,0,0,0
Dihydrofolic acid-13C-1,0,0,0,0,0,0,0,0,0,0
Dihydrofolic acid-13C-2,0,0,0,0,0,0,0,0,40569,0
Dihydrofolic acid-13C-3,0,0,0,0,0,0,0,0,0,0
Dihydrofolic acid-13C-4,0,0,0,0,0,0,0,0,0,0
Dihydrofolic acid-13C-5,0,0,0,0,0,0,0,0,0,0
Dihydrofolic acid-13C-6,0,0,0,0,0,0,0,0,0,0
Dihydrofolic acid-13C-7,0,0,0,0,0,0,0,0,0,0
Dihydrofolic acid-13C-8,0,0,0,0,0,0,0,0,0,0
Dihydrofolic acid-13C-9,0,0,0,0,0,0,0,0,0,0
Dihydrofolic acid-13C-10,0,0,0,0,0,0,0,0,0,0
Dihydrofolic acid-13C-11,0,0,0,0,0,0,0,0,0,0
Dihydrofolic acid-13C-12,0,0,0,0,0,0,0,0,0,0
Dihydrofolic acid-13C-13,0,0,0,0,0,0,0,0,0,0
Dihydrofolic acid-13C-14,0,0,0,0,0,0,0,0,0,0
Dihydrofolic acid-13C-15,0,0,0,0,0,0,0,0,0,0
Dihydrofolic acid-13C-16,0,0,0,0,0,0,0,0,0,0
Dihydrofolic acid-13C-17,0,0,0,0,0,0,0,0,0,0
Dihydrofolic acid-13C-18,0,0,0,0,0,0,0,0,0,0
Dihydrofolic acid-13C-19,0,0,0,0,0,0,0,0,0,0
Oxidized glutathione-13C-0,97851,77185,123896,73384,90638,84176,121822,141886,169685,159765
Oxidized glutathione-13C-1,24680,18633,31099,21279,24741,27528,42733,38523,47855,39591
Oxidized glutathione-13C-2,112279,81797,139467,110270,105234,113344,268894,259388,275346,237802
Oxidized glutathione-13C-3,32806,21010,39673,33660,50409,43610,58000,57744,60989,65240
Oxidized glutathione-13C-4,53968,41457,64414,71128,69716,67191,133988,142918,135169,124435
Oxidized glutathione-13C-5,21913,19989,22143,35631,29819,32280,46894,60870,49787,52543
Oxidized glutathione-13C-6,26928,16733,26259,30384,37224,24632,59055,53089,54147,53122
Oxidized glutathione-13C-7,0,0,0,11763,16149,22538,20920,33460,0,26506
Oxidized glutathione-13C-8,0,0,0,0,11964,0,19386,14868,0,0
Oxidized glutathione-13C-9,0,0,0,0,0,0,0,0,0,0
Oxidized glutathione-13C-10,0,0,0,0,0,0,0,0,0,0
Oxidized glutathione-13C-11,0,0,0,0,0,0,0,0,0,0
Oxidized glutathione-13C-12,0,0,0,0,0,0,0,0,0,0
Oxidized glutathione-13C-13,0,0,0,0,0,0,0,0,0,0
Oxidized glutathione-13C-14,0,0,0,0,0,0,0,0,0,0
Oxidized glutathione-13C-15,0,0,0,0,0,0,0,0,0,0
Oxidized glutathione-13C-16,0,0,0,0,0,0,0,0,0,0
Oxidized glutathione-13C-17,0,0,0,0,0,0,0,0,0,0
Oxidized glutathione-13C-18,0,0,0,0,0,0,0,0,0,0
Oxidized glutathione-13C-19,0,0,0,0,0,0,0,0,0,0
Oxidized glutathione-13C-20,0,0,0,0,0,0,0,0,0,0
NAD-13C-0,0,0,0,0,0,0,0,0,0,0
NAD-13C-1,0,0,0,0,0,0,0,0,0,0
NAD-13C-2,0,0,0,0,0,0,0,0,0,0
NAD-13C-3,0,0,0,0,0,0,0,0,0,0
NAD-13C-4,0,0,0,0,0,0,0,0,0,0
NAD-13C-5,33986,0,32107,19680,26345,32044,41852,37772,81557,95565
NAD-13C-6,0,0,0,0,0,0,0,0,24705,33135
NAD-13C-7,0,0,0,0,0,0,0,0,0,24763
NAD-13C-8,0,0,0,0,0,0,0,0,0,0
NAD-13C-9,0,0,0,0,17301,0,11562,11196,0,37722
NAD-13C-10,204404,98685,201988,138328,139595,130476,172522,125808,261066,312762
NAD-13C-11,197486,62168,105041,101266,159026,118195,235190,212974,236613,281402
NAD-13C-12,99911,31916,72595,73664,88882,78488,216769,132069,107907,186659
NAD-13C-13,39015,0,42727,41587,55068,0,126627,104379,67850,85322
NAD-13C-14,22169,0,0,23668,20269,20617,50976,51493,31682,37127
NAD-13C-15,0,0,0,0,0,0,0,0,0,0
NAD-13C-16,0,0,0,0,0,0,0,0,0,0
NAD-13C-17,0,0,0,0,0,0,0,0,0,0
NAD-13C-18,0,0,0,0,0,0,0,0,0,0
NAD-13C-19,0,0,0,0,0,0,0,0,0,0
NAD-13C-20,0,0,0,0,0,0,0,0,0,0
NAD-13C-21,0,0,0,0,0,0,0,0,0,0
NADP-13C-0,0,0,0,0,0,0,0,0,0,0
NADP-13C-1,0,0,0,0,0,0,0,0,0,0
NADP-13C-2,0,0,0,0,0,0,0,0,0,0
NADP-13C-3,0,0,0,0,0,0,0,0,0,0
NADP-13C-4,0,0,0,0,0,0,0,0,0,0
NADP-13C-5,0,0,0,0,0,0,0,0,0,0
NADP-13C-6,0,0,0,0,0,0,0,0,0,0
NADP-13C-7,0,0,0,0,0,0,0,0,0,0
NADP-13C-8,0,0,0,0,0,0,0,0,0,0
NADP-13C-9,0,0,0,0,0,0,0,0,0,0
NADP-13C-10,0,0,0,0,0,0,0,0,0,0
NADP-13C-11,0,0,0,0,0,0,0,0,0,0
NADP-13C-12,0,0,0,0,0,0,0,0,0,0
NADP-13C-13,0,0,0,0,0,0,0,0,0,0
NADP-13C-14,0,0,0,0,0,0,0,0,0,0
NADP-13C-15,0,0,0,0,0,0,0,0,0,0
NADP-13C-16,0,0,0,0,0,0,0,0,0,0
NADP-13C-17,0,0,0,0,0,0,0,0,0,0
NADP-13C-18,0,0,0,0,0,0,0,0,0,0
NADP-13C-19,0,0,0,0,0,0,0,0,0,0
NADP-13C-20,0,0,0,0,0,0,0,0,0,0
NADP-13C-21,0,0,0,0,0,0,0,0,0,0
NADH-13C-0,0,0,0,0,0,0,0,0,0,0
NADH-13C-1,0,0,0,0,0,0,0,0,0,0
NADH-13C-2,0,0,0,0,0,0,0,0,0,0
NADH-13C-3,0,0,0,0,0,0,0,0,0,0
NADH-13C-4,0,0,0,0,0,0,0,0,0,0
NADH-13C-5,0,0,0,0,0,0,0,0,0,0
NADH-13C-6,0,0,0,0,0,0,0,0,0,0
NADH-13C-7,0,0,0,0,0,0,0,0,0,0
NADH-13C-8,0,0,0,0,24969,0,0,17805,0,0
NADH-13C-9,18655,0,0,0,0,0,0,0,0,0
NADH-13C-10,0,0,0,0,0,0,0,0,0,51788
NADH-13C-11,0,0,0,0,0,0,14111,0,0,0
NADH-13C-12,0,0,0,0,0,0,0,0,0,0
NADH-13C-13,0,0,0,0,0,0,0,0,0,0
NADH-13C-14,0,0,0,0,0,0,0,0,0,0
NADH-13C-15,0,0,0,0,0,0,0,0,0,0
NADH-13C-16,0,0,0,0,0,0,0,0,0,0
NADH-13C-17,0,0,0,0,0,0,0,0,0,0
NADH-13C-18,0,0,0,0,0,0,0,0,0,0
NADH-13C-19,0,0,0,0,0,0,0,0,0,0
NADH-13C-20,0,0,0,0,0,0,0,0,0,0
NADH-13C-21,0,0,0,0,0,0,0,0,0,0
NADPH-13C-0,0,0,0,0,0,0,0,0,0,0
NADPH-13C-1,0,0,0,0,0,0,0,0,0,0
NADPH-13C-2,0,0,0,0,0,0,0,0,0,0
NADPH-13C-3,0,0,0,0,0,0,0,0,0,0
NADPH-13C-4,0,0,0,0,0,0,0,0,0,0
NADPH-13C-5,0,0,0,0,0,0,0,0,0,0
NADPH-13C-6,0,0,0,0,0,0,0,0,0,0
NADPH-13C-7,0,0,0,0,0,0,0,0,0,0
NADPH-13C-8,0,0,0,0,0,0,0,0,0,0
NADPH-13C-9,0,0,0,0,0,0,0,0,0,0
NADPH-13C-10,0,0,0,0,0,0,0,0,0,0
NADPH-13C-11,0,0,0,0,0,0,0,0,0,0
NADPH-13C-12,0,0,0,0,0,0,0,0,0,0
NADPH-13C-13,0,0,0,0,0,0,0,0,0,0
NADPH-13C-14,0,0,0,0,0,0,0,0,0,0
NADPH-13C-15,0,0,0,0,0,0,0,0,0,0
NADPH-13C-16,0,0,0,0,0,0,0,0,0,0
NADPH-13C-17,0,0,0,0,0,0,0,0,0,0
NADPH-13C-18,0,0,0,0,0,0,0,0,0,0
NADPH-13C-19,0,0,0,0,0,0,0,0,0,0
NADPH-13C-20,0,0,0,0,0,0,0,0,0,0
NADPH-13C-21,0,0,0,0,0,0,0,0,0,0
Acetyl-CoA-13C-0,0,0,0,0,0,0,0,0,0,0
Acetyl-CoA-13C-1,0,0,0,0,0,0,0,0,0,0
Acetyl-CoA-13C-2,0,0,0,0,0,0,0,0,0,0
Acetyl-CoA-13C-3,0,0,0,0,0,0,0,0,0,0
Acetyl-CoA-13C-4,0,0,0,0,0,0,0,0,0,0
Acetyl-CoA-13C-5,0,0,0,0,0,0,0,0,0,0
Acetyl-CoA-13C-6,0,0,0,0,0,0,0,0,0,0
Acetyl-CoA-13C-7,0,0,0,0,0,0,0,0,0,0
Acetyl-CoA-13C-8,0,0,0,0,0,0,0,0,0,0
Acetyl-CoA-13C-9,0,0,0,0,0,0,0,0,0,0
Acetyl-CoA-13C-10,0,0,0,0,0,0,0,0,0,0
Acetyl-CoA-13C-11,0,0,0,0,0,0,0,0,0,0
Acetyl-CoA-13C-12,0,0,0,0,0,0,0,0,0,0
Acetyl-CoA-13C-13,0,0,0,0,0,0,0,0,0,0
Acetyl-CoA-13C-14,0,0,0,0,0,0,0,18501,0,0
Acetyl-CoA-13C-15,0,0,0,0,0,0,0,0,0,0
Acetyl-CoA-13C-16,0,0,0,0,0,0,0,0,0,0
Acetyl-CoA-13C-17,0,0,0,0,0,0,0,0,0,0
Acetyl-CoA-13C-18,0,0,0,0,0,0,0,0,0,0
Acetyl-CoA-13C-19,0,0,0,0,0,0,0,0,0,0
Acetyl-CoA-13C-20,0,0,0,0,0,0,0,0,0,0
Acetyl-CoA-13C-21,0,0,0,0,0,0,0,0,0,0
Acetyl-CoA-13C-22,0,0,0,0,0,0,0,0,0,0
Acetyl-CoA-13C-23,0,0,0,0,0,0,0,0,0,0
FAD-13C-0,0,0,0,0,0,0,0,0,0,0
FAD-13C-1,0,0,0,0,0,0,0,0,0,0
FAD-13C-2,0,0,0,0,0,0,0,0,0,0
FAD-13C-3,0,0,0,0,0,0,0,0,0,0
FAD-13C-4,0,0,0,0,0,0,0,0,0,0
FAD-13C-5,0,0,0,0,0,0,0,0,0,0
FAD-13C-6,0,0,0,0,0,0,0,0,0,0
FAD-13C-7,0,0,0,0,0,0,0,0,0,0
FAD-13C-8,0,0,0,0,0,0,0,0,0,0
FAD-13C-9,0,0,0,0,0,0,0,0,0,0
FAD-13C-10,0,0,0,0,0,0,0,0,0,0
FAD-13C-11,0,0,0,0,0,0,0,0,0,0
FAD-13C-12,0,0,0,0,0,0,0,0,0,0
FAD-13C-13,0,0,0,0,0,0,0,0,0,0
FAD-13C-14,0,0,0,0,0,0,0,0,0,0
FAD-13C-15,0,0,0,0,0,0,0,0,0,0
FAD-13C-16,0,0,0,0,0,0,0,0,0,0
FAD-13C-17,0,0,0,0,0,0,0,0,0,0
FAD-13C-18,0,0,0,0,0,0,0,0,0,0
FAD-13C-19,0,0,0,0,0,0,0,0,0,0
FAD-13C-20,0,0,0,0,0,0,0,0,0,0
FAD-13C-21,0,0,0,0,0,0,0,0,0,0
FAD-13C-22,0,0,0,0,0,0,0,0,0,0
FAD-13C-23,0,0,0,0,0,0,0,0,0,0
FAD-13C-24,0,0,0,0,0,0,0,0,0,0
FAD-13C-25,0,0,0,0,0,0,0,0,0,0
FAD-13C-26,0,0,0,0,0,0,0,0,0,0
FAD-13C-27,0,0,0,0,0,0,20877,0,0,0
Glycine-13C-0,3222267,3322849,3171840,3001378,3096033,2872903,4041926,3690736,3949337,4046464
Glycine-13C-1,65203,55255,46326,61115,50727,57010,107726,82898,78238,78878
Glycine-13C-2,1041482,1103607,1176215,1358204,1358378,1375545,2583761,2490356,2653565,2603208
Hypotaurine-13C-0,22737,19610,15964,0,26289,21467,0,0,13774,26792
Hypotaurine-13C-1,0,0,0,0,0,0,0,0,0,0
Hypotaurine-13C-2,0,0,0,0,0,0,0,0,0,0
Taurine-13C-0,799203,161537,240593,285877,165296,390392,735481,373847,369806,934178
Taurine-13C-1,0,0,0,0,0,0,0,0,0,0
Taurine-13C-2,0,0,0,0,0,0,0,0,0,0
O-Phosphoethanolamine-13C-0,0,0,0,0,0,0,0,0,0,0
O-Phosphoethanolamine-13C-1,0,0,0,0,0,0,0,0,0,0
O-Phosphoethanolamine-13C-2,0,0,0,0,0,0,0,0,0,0
Pyruvic acid-13C-0,0,0,0,0,0,0,0,0,0,0
Pyruvic acid-13C-1,0,0,0,0,0,0,0,0,0,0
Pyruvic acid-13C-2,0,0,0,0,0,0,0,0,0,0
Pyruvic acid-13C-3,119908,159954,116833,0,0,0,510408,494411,150400,193248
Phosphoenolpyruvic acid-13C-0,0,0,0,0,0,0,0,0,0,0
Phosphoenolpyruvic acid-13C-1,0,0,0,0,0,0,0,0,0,0
Phosphoenolpyruvic acid-13C-2,0,0,0,0,0,0,0,0,0,0
Phosphoenolpyruvic acid-13C-3,0,0,0,0,0,0,0,19813,0,0
L-Lactic acid-13C-0,4500722,4321260,0,0,0,0,7828157,5315921,4939408,4227293
L-Lactic acid-13C-1,99680,57820,0,47726,0,52906,232179,133696,106770,86635
L-Lactic acid-13C-2,189172,326703,292806,0,0,0,474381,716212,0,0
L-Lactic acid-13C-3,43891136,43906052,42287132,5750076,8306760,7829050,81605528,66256860,14637888,17874904
Guanidoacetic acid-13C-0,4314464,4211652,4346680,3585641,3322770,3635761,11872612,10446403,15046120,16160164
Guanidoacetic acid-13C-1,70359,70126,49883,63607,46059,44085,329647,312639,451776,491767
Guanidoacetic acid-13C-2,1555760,1586612,1653933,1574816,1358979,1517568,8507193,7530420,7716808,8525537
Guanidoacetic acid-13C-3,0,0,0,0,0,0,32834,22489,33445,31041
L-Cysteine-13C-0,0,0,0,0,0,0,0,0,0,0
L-Cysteine-13C-1,0,0,0,0,0,0,0,0,0,0
L-Cysteine-13C-2,0,0,0,0,0,0,0,0,0,0
L-Cysteine-13C-3,0,0,0,0,0,0,0,0,0,0
L-Serine-13C-0,5130661,5322687,3948510,3823868,3535235,3156401,7074398,6018915,4250490,5836038
L-Serine-13C-1,264982,457884,424431,297625,288512,375966,1569821,1388078,715431,979174
L-Serine-13C-2,0,131026,131706,104873,0,137160,746950,745823,310333,398646
L-Serine-13C-3,875162,1319583,1239710,1094852,1189702,1203545,5026178,4450638,2536612,3046408
3-Phosphoglyceric acid-13C-0,0,0,0,0,0,0,0,0,0,0
3-Phosphoglyceric acid-13C-1,0,0,0,0,0,0,0,0,0,0
3-Phosphoglyceric acid-13C-2,0,0,0,0,0,0,0,0,0,0
3-Phosphoglyceric acid-13C-3,0,0,0,0,0,0,0,0,0,0
Phosphoserine-13C-0,72789,86814,61713,69394,76541,71906,77849,63548,77832,50860
Phosphoserine-13C-1,0,0,0,0,0,0,0,0,0,0
Phosphoserine-13C-2,12752,35256,0,0,13885,0,0,0,11269,14582
Phosphoserine-13C-3,0,0,0,0,0,0,0,0,0,0
"2,3-Diphosphoglyceric acid-13C-0",0,0,0,0,0,0,0,0,0,0
"2,3-Diphosphoglyceric acid-13C-1",0,0,0,0,0,0,0,0,0,0
"2,3-Diphosphoglyceric acid-13C-2",0,0,0,0,0,0,0,0,0,0
"2,3-Diphosphoglyceric acid-13C-3",0,0,0,0,0,0,0,0,0,0
Glycerol 3-phosphate-13C-0,0,0,0,0,0,0,0,11653,0,0
Glycerol 3-phosphate-13C-1,0,0,0,0,0,0,0,0,0,0
Glycerol 3-phosphate-13C-2,0,0,0,0,0,0,0,0,0,0
Glycerol 3-phosphate-13C-3,31191,0,12166,0,0,0,11712,0,0,24219
Phosphocreatine-13C-0,0,0,0,0,18417,0,0,0,0,0
Phosphocreatine-13C-1,0,0,0,0,0,0,0,0,0,0
Phosphocreatine-13C-2,0,0,0,0,0,0,0,0,0,0
Phosphocreatine-13C-3,0,0,0,0,0,0,0,0,0,0
Phosphocreatine-13C-4,0,0,0,0,0,0,0,0,0,0
Uracil-13C-0,0,0,0,0,0,0,0,0,0,0
Uracil-13C-1,0,0,0,0,0,0,0,0,0,0
Uracil-13C-2,0,0,0,0,0,0,0,0,0,0
Uracil-13C-3,0,0,0,0,0,0,0,0,0,0
Uracil-13C-4,0,0,0,0,0,0,0,0,0,0
Fumaric acid-13C-0,126010,221597,370469,144148,129896,126700,0,0,345740,391064
Fumaric acid-13C-1,0,0,0,0,11414,0,0,0,0,0
Fumaric acid-13C-2,17550,23859,38462,38797,0,33501,100915,141462,34894,79731
Fumaric acid-13C-3,0,25875,42983,19233,33141,21953,38818,0,29777,34837
Fumaric acid-13C-4,0,0,0,0,0,0,0,0,0,0
Cytosine-13C-0,0,0,0,0,0,0,0,0,0,0
Cytosine-13C-1,0,0,0,0,0,0,0,0,0,0
Cytosine-13C-2,0,0,0,0,0,0,0,0,0,0
Cytosine-13C-3,0,0,0,0,0,0,0,0,0,0
Cytosine-13C-4,0,0,0,0,0,0,0,0,0,0
Allantoin-13C-0,0,0,0,0,0,0,46451,0,0,0
Allantoin-13C-1,13972,11851,10006,0,12789,0,0,0,11992,0
Allantoin-13C-2,0,0,0,0,0,0,0,0,0,0
Allantoin-13C-3,0,0,0,0,0,0,0,0,0,0
Allantoin-13C-4,0,0,0,0,0,0,0,0,0,0
Acetoacetic acid-13C-0,0,0,0,0,0,0,0,0,0,0
Acetoacetic acid-13C-1,0,0,0,0,0,0,0,0,0,0
Acetoacetic acid-13C-2,0,0,0,0,0,0,0,0,0,0
Acetoacetic acid-13C-3,0,0,0,0,0,0,0,0,0,0
Acetoacetic acid-13C-4,0,0,0,0,0,0,0,0,0,0
Succinic acid-13C-0,305025,0,0,0,0,0,305433,0,456614,329897
Succinic acid-13C-1,11672,0,0,12460,0,0,0,0,0,0
Succinic acid-13C-2,16595,0,17858,16864,27026,0,14093,0,15742,19389
Succinic acid-13C-3,12196,0,0,13887,25046,0,10500,0,10821,0
Succinic acid-13C-4,0,0,0,0,0,0,0,0,0,0
L-Malic acid-13C-0,0,0,0,0,0,0,0,0,0,0
L-Malic acid-13C-1,399156,0,746168,483087,668826,96103,0,903887,333826,1177662
L-Malic acid-13C-2,0,0,0,0,0,536874,0,0,0,0
L-Malic acid-13C-3,0,0,0,0,0,228040,0,0,845400,0
L-Malic acid-13C-4,677450,0,0,409749,572724,0,1000014,0,153366,650523
Creatinine-13C-0,0,356499,324081,371748,399642,0,2647368,857649,0,0
Creatinine-13C-1,0,0,0,0,0,0,52362,0,0,0
Creatinine-13C-2,0,0,0,0,0,0,0,0,0,0
Creatinine-13C-3,0,0,0,0,0,0,0,0,0,0
Creatinine-13C-4,0,0,0,0,0,0,0,0,0,0
L-Aspartic acid-13C-0,0,0,0,0,0,0,8951836,0,1342878,0
L-Aspartic acid-13C-1,153272,418873,186093,0,364684,0,338199,700736,43135,543656
L-Aspartic acid-13C-2,0,0,0,0,0,0,0,0,0,0
L-Aspartic acid-13C-3,975192,1833435,1254314,0,1270352,0,1122163,0,45317,1342962
L-Aspartic acid-13C-4,294162,412126,315967,725713,279367,864665,307588,0,40745,257958
L-Asparagine-13C-0,14678168,14851109,12811681,11294005,12096287,10981291,19381246,16412486,16046150,19372628
L-Asparagine-13C-1,400093,523422,495431,549782,564063,821648,382934,406546,248015,652398
L-Asparagine-13C-2,153047,291890,197989,181920,309312,256303,136638,250507,120440,223949
L-Asparagine-13C-3,19392,0,18003,0,14064,17952,15148,21215,61564,14936
L-Asparagine-13C-4,0,0,0,0,0,0,0,12942,17752,0
Ureidopropionic acid-13C-0,836316,895270,1003214,762712,996431,1019657,541663,637963,499289,827549
Ureidopropionic acid-13C-1,0,14190,0,0,0,0,0,0,16733,15002
Ureidopropionic acid-13C-2,0,0,0,0,0,0,0,0,0,0
Ureidopropionic acid-13C-3,0,0,0,0,0,0,0,0,0,0
Ureidopropionic acid-13C-4,0,0,0,0,0,0,0,0,0,0
3-Hydroxybutyric acid-13C-0,0,0,0,0,0,0,0,0,0,0
3-Hydroxybutyric acid-13C-1,0,0,0,0,0,0,0,0,0,0
3-Hydroxybutyric acid-13C-2,0,0,0,0,0,0,0,0,0,0
3-Hydroxybutyric acid-13C-3,0,0,0,0,0,0,0,0,0,0
3-Hydroxybutyric acid-13C-4,0,0,0,0,0,0,0,0,0,0
Homocysteine-13C-0,0,0,0,0,0,0,0,0,0,0
Homocysteine-13C-1,0,0,0,0,0,0,0,0,0,0
Homocysteine-13C-2,0,0,0,0,0,0,0,0,0,0
Homocysteine-13C-3,0,0,0,0,0,0,0,0,0,0
Homocysteine-13C-4,0,0,0,0,0,0,0,0,0,0
L-Threonine-13C-0,175131,186191,198140,215038,231458,227428,315971,86153,191234,192710
L-Threonine-13C-1,0,0,0,0,0,0,0,0,0,0
L-Threonine-13C-2,0,0,0,0,0,0,0,0,0,0
L-Threonine-13C-3,0,0,0,0,0,0,0,0,0,0
L-Threonine-13C-4,0,0,0,0,0,0,0,0,0,0
L-Glutamine-13C-0,585710400,573633216,479141472,436912064,469308704,428073408,609590464,609557312,558248064,677734848
L-Glutamine-13C-1,36916856,37724056,31229224,28000714,29587056,27640246,39501180,39635440,35295536,43699312
L-Glutamine-13C-2,842607,697472,732987,579155,751185,643187,1415343,1420630,1124736,1049679
L-Glutamine-13C-3,53801,57149,88956,73384,64837,85219,207505,233518,173244,113180
L-Glutamine-13C-4,132828,49740,154972,92960,141707,135977,328650,291240,170132,238866
L-Glutamine-13C-5,0,0,0,0,0,0,147917,146171,0,0
L-Methionine-13C-0,11536881,11679027,8437881,8046730,9412390,7880346,16450378,11523933,11326680,15731340
L-Methionine-13C-1,339628,425941,334948,354809,295696,277747,717779,455734,307843,629798
L-Methionine-13C-2,0,0,0,0,0,0,0,0,0,0
L-Methionine-13C-3,0,0,0,0,0,0,20725,20842,0,0
L-Methionine-13C-4,161842,212211,215058,161649,154683,187070,716187,719808,279521,417502
L-Methionine-13C-5,93396,141824,104415,137917,118345,119704,161152,125722,116025,130849
Ornithine-13C-0,1268693,975821,1127082,909741,1031678,703565,1990281,3181591,1251768,2162493
Ornithine-13C-1,25308,16444,23020,23680,25195,14970,54509,104639,27302,62342
Ornithine-13C-2,0,0,0,0,0,0,0,0,0,0
Ornithine-13C-3,0,0,0,0,0,0,0,0,0,0
Ornithine-13C-4,0,0,0,0,0,0,10962,0,0,0
Ornithine-13C-5,0,0,0,0,0,0,0,0,0,0
5-Phosphoribosylamine-13C-0,0,0,0,0,0,0,0,0,0,0
5-Phosphoribosylamine-13C-1,0,0,0,0,0,0,0,0,0,0
5-Phosphoribosylamine-13C-2,0,0,0,0,0,0,0,0,0,0
5-Phosphoribosylamine-13C-3,0,0,0,0,0,0,0,0,0,0
5-Phosphoribosylamine-13C-4,0,0,0,0,0,0,0,0,0,0
5-Phosphoribosylamine-13C-5,0,0,0,0,0,0,0,0,0,0
Phosphoribosyl pyrophosphate-13C-0,0,0,0,0,0,0,0,0,0,0
Phosphoribosyl pyrophosphate-13C-1,0,0,0,0,0,0,0,0,0,0
Phosphoribosyl pyrophosphate-13C-2,0,0,0,0,0,0,0,0,0,0
Phosphoribosyl pyrophosphate-13C-3,0,0,0,0,0,0,0,0,0,0
Phosphoribosyl pyrophosphate-13C-4,0,0,0,0,0,0,0,0,0,0
Phosphoribosyl pyrophosphate-13C-5,0,0,0,0,0,0,0,0,0,0
Choline-13C-0,0,0,0,0,0,0,0,0,0,0
Choline-13C-1,0,0,0,0,0,0,0,0,0,0
Choline-13C-2,0,0,0,0,0,0,0,0,0,0
Choline-13C-3,0,0,0,0,0,0,0,0,0,0
Choline-13C-4,0,0,0,0,0,0,0,0,0,0
Choline-13C-5,0,0,0,0,0,0,0,0,0,0
Phosphorylcholine-13C-0,0,0,0,0,0,0,0,0,0,0
Phosphorylcholine-13C-1,0,0,0,0,0,0,0,0,0,0
Phosphorylcholine-13C-2,0,0,0,0,0,0,0,0,0,0
Phosphorylcholine-13C-3,0,0,0,0,0,0,0,0,0,0
Phosphorylcholine-13C-4,0,0,0,0,0,0,0,0,0,0
Phosphorylcholine-13C-5,0,0,0,0,0,0,0,0,0,0
Orotic acid-13C-0,0,0,0,0,0,0,0,0,0,0
Orotic acid-13C-1,0,0,0,0,0,0,0,0,0,0
Orotic acid-13C-2,0,0,0,0,0,0,0,0,0,0
Orotic acid-13C-3,0,0,0,0,0,0,0,0,0,0
Orotic acid-13C-4,0,0,0,0,0,0,0,0,0,0
Orotic acid-13C-5,0,0,0,0,0,0,0,0,0,0
Hypoxanthine-13C-0,1571792,323451,1660908,1111475,1297049,1150252,130084,2321106,2551064,2087621
Hypoxanthine-13C-1,1283329,262915,1237795,886346,1079270,906119,217747,1885118,1488817,1186233
Hypoxanthine-13C-2,589291,134648,588398,519656,588592,475474,164298,1429373,776327,651948
Hypoxanthine-13C-3,273142,73997,326005,270915,328206,258283,26505,1050671,452680,398406
Hypoxanthine-13C-4,56680,20385,58313,68143,69998,64123,29282,401978,122526,94036
Hypoxanthine-13C-5,0,0,0,0,0,0,0,0,0,0
Xanthine-13C-0,0,0,0,0,0,0,0,0,58462,0
Xanthine-13C-1,0,0,0,0,0,0,0,0,0,0
Xanthine-13C-2,0,0,0,0,0,0,0,0,0,0
Xanthine-13C-3,0,0,0,0,0,0,0,0,0,0
Xanthine-13C-4,0,0,0,0,0,0,0,0,0,0
Xanthine-13C-5,0,0,0,0,0,0,0,0,0,0
Uric acid-13C-0,0,0,0,0,0,0,0,0,0,0
Uric acid-13C-1,0,0,0,0,0,0,0,0,0,0
Uric acid-13C-2,0,0,0,0,0,0,0,0,0,0
Uric acid-13C-3,0,0,0,0,0,0,0,0,0,0
Uric acid-13C-4,0,0,0,0,0,0,0,0,0,0
Uric acid-13C-5,0,0,0,0,0,0,0,0,0,0
Adenine-13C-0,1200024,2201835,1300093,1236124,0,1153675,2742228,581624,194354,243241
Adenine-13C-1,852928,1745369,1017538,1088215,30600,903376,2403935,527691,93790,114746
Adenine-13C-2,435194,893851,487584,652680,11884,563652,1816097,369754,42806,53946
Adenine-13C-3,235178,507170,250397,379471,10532,274712,1338841,209254,34699,41454
Adenine-13C-4,48457,85311,50035,71248,0,65803,529090,95661,0,0
Adenine-13C-5,0,0,0,0,0,0,0,0,0,0
Guanine-13C-0,0,0,0,0,0,0,0,0,0,0
Guanine-13C-1,0,0,0,0,0,0,0,0,0,0
Guanine-13C-2,0,0,0,0,0,0,0,0,0,0
Guanine-13C-3,1267689,1550131,1581812,1544161,1620568,1492422,0,1430502,1079050,1437519
Guanine-13C-4,35396912,36077708,36209856,36748848,39167128,37863000,38245532,37780464,31189072,35127428
Guanine-13C-5,0,0,0,0,0,0,0,0,0,0
"4,5-Dihydroorotic acid-13C-0",0,0,0,0,0,0,0,0,0,0
"4,5-Dihydroorotic acid-13C-1",0,0,0,0,0,0,0,0,0,0
"4,5-Dihydroorotic acid-13C-2",0,0,0,0,0,0,0,0,0,0
"4,5-Dihydroorotic acid-13C-3",0,0,0,0,0,0,0,0,0,0
"4,5-Dihydroorotic acid-13C-4",0,0,0,0,0,0,0,0,0,0
"4,5-Dihydroorotic acid-13C-5",0,0,0,0,0,0,0,0,49073,0
Oxoglutaric acid-13C-0,1488152,1478895,1085804,434043,507506,543021,1558155,626354,985864,951022
Oxoglutaric acid-13C-1,39913,24941,36370,21862,19256,14528,37636,15870,14636,27550
Oxoglutaric acid-13C-2,163054,148760,110511,81392,81773,97840,202068,73836,91368,84784
Oxoglutaric acid-13C-3,23815,24757,24420,20581,14421,16513,34197,14439,17616,20625
Oxoglutaric acid-13C-4,50385,42601,44122,20148,27857,32254,51480,24405,32489,22532
Oxoglutaric acid-13C-5,0,0,0,0,0,0,0,0,0,0
Ureidosuccinic acid-13C-0,41856,24642,16818,0,0,0,0,0,0,12444
Ureidosuccinic acid-13C-1,0,0,0,0,0,0,0,0,0,0
Ureidosuccinic acid-13C-2,0,0,0,0,0,0,0,0,0,0
Ureidosuccinic acid-13C-3,0,0,0,0,0,0,0,0,0,0
Ureidosuccinic acid-13C-4,0,0,0,0,0,0,0,0,0,0
Ureidosuccinic acid-13C-5,0,0,0,0,0,0,0,0,0,0
D-2-Hydroxyglutaric acid-13C-0,1148762,732579,1523535,424790,644613,300220,2397386,2400678,1639997,1662981
D-2-Hydroxyglutaric acid-13C-1,25445,14393,34167,14099,14867,17985,65914,26985,31217,25504
D-2-Hydroxyglutaric acid-13C-2,111823,39537,108384,35631,50623,36575,209861,249051,96011,63695
D-2-Hydroxyglutaric acid-13C-3,0,12977,19344,0,14351,0,28419,17577,16509,0
D-2-Hydroxyglutaric acid-13C-4,30051,17867,36111,14206,23776,0,64468,55095,17693,21845
D-2-Hydroxyglutaric acid-13C-5,0,0,0,0,0,0,0,0,0,0
L-Proline-13C-0,197413584,195155280,192029824,146359872,149268096,144570160,341092800,343470720,220131264,235307712
L-Proline-13C-1,13758086,13501116,13565204,11655814,12311366,11707092,25446992,24967332,17818674,18430960
L-Proline-13C-2,33530420,33682336,37216948,26091564,27625398,27827380,71936288,74911992,42298076,43368776
L-Proline-13C-3,8798683,8674330,9737225,8790682,8945714,8971619,16728950,18380180,11523984,11581732
L-Proline-13C-4,14073044,13589202,15613498,10347660,10780263,10916090,24153154,26430176,12955867,13530070
L-Proline-13C-5,8766308,8580338,9673278,5430356,5309240,5463898,12063529,13509671,4998910,5308590
Acetylcysteine-13C-0,17524,14145,15816,16293,14913,13815,24138,21032,14761,11104
Acetylcysteine-13C-1,0,0,0,0,0,0,0,0,0,0
Acetylcysteine-13C-2,0,0,0,0,0,0,0,0,0,0
Acetylcysteine-13C-3,0,0,0,0,0,0,0,0,0,0
Acetylcysteine-13C-4,0,0,0,0,0,0,0,0,0,0
Acetylcysteine-13C-5,0,0,0,0,0,0,0,0,0,0
Pipecolic acid-13C-0,0,0,0,0,0,0,0,0,0,0
Pipecolic acid-13C-1,0,0,0,0,0,0,0,0,0,0
Pipecolic acid-13C-2,0,0,0,0,0,0,0,0,0,0
Pipecolic acid-13C-3,0,0,0,0,0,0,0,0,0,0
Pipecolic acid-13C-4,0,0,0,0,0,0,0,0,0,0
Pipecolic acid-13C-5,0,0,0,0,0,0,0,0,0,0
Pipecolic acid-13C-6,0,0,0,0,0,0,0,0,0,0
Aminoadipic acid-13C-0,0,0,0,0,0,0,0,0,0,0
Aminoadipic acid-13C-1,0,0,50071,0,0,0,0,0,0,0
Aminoadipic acid-13C-2,0,0,0,0,0,0,0,0,0,0
Aminoadipic acid-13C-3,0,0,0,0,0,0,0,0,0,0
Aminoadipic acid-13C-4,0,0,0,0,0,0,0,0,0,0
Aminoadipic acid-13C-5,0,0,0,0,0,0,0,0,0,0
Aminoadipic acid-13C-6,0,0,0,0,0,0,0,0,0,0
L-Cystine-13C-0,41453,57101,30529,23688,19756,24812,39839,67331,35217,81590
L-Cystine-13C-1,0,0,0,0,0,0,0,0,0,0
L-Cystine-13C-2,0,0,0,0,0,0,0,0,0,0
L-Cystine-13C-3,0,0,0,0,0,0,0,0,0,0
L-Cystine-13C-4,0,0,0,0,0,0,0,0,0,0
L-Cystine-13C-5,0,0,0,0,0,0,0,0,0,0
L-Cystine-13C-6,0,0,0,0,0,0,0,0,0,0
D-Glucose-13C-0,0,0,0,0,0,0,253111,0,0,0
D-Glucose-13C-1,0,0,0,0,0,0,0,0,0,0
D-Glucose-13C-2,0,0,0,0,0,0,0,0,0,0
D-Glucose-13C-3,0,0,0,0,0,0,0,0,0,0
D-Glucose-13C-4,0,0,0,0,0,0,0,0,0,0
D-Glucose-13C-5,61940,72789,46885,62647,0,66762,55559,52507,67821,104154
D-Glucose-13C-6,4139557,3659944,2546058,2224341,3412734,3421584,3905782,3555774,4678886,5548554
Citrulline-13C-0,742900,375940,107950,494518,170428,193658,954089,1006773,769735,568763
Citrulline-13C-1,19771,15583,0,15597,0,0,17020,15335,22617,15985
Citrulline-13C-2,0,0,0,0,0,0,0,0,0,0
Citrulline-13C-3,0,0,0,0,0,0,0,0,0,0
Citrulline-13C-4,0,0,0,0,0,0,0,0,0,0
Citrulline-13C-5,0,0,0,0,0,0,0,0,0,0
Citrulline-13C-6,0,0,0,0,0,0,0,0,0,0
6-Phosphogluconic acid-13C-0,0,0,0,0,0,0,0,0,0,0
6-Phosphogluconic acid-13C-1,0,0,0,0,0,0,0,0,0,0
6-Phosphogluconic acid-13C-2,0,0,0,0,0,0,0,0,0,0
6-Phosphogluconic acid-13C-3,0,0,0,0,0,0,0,0,0,0
6-Phosphogluconic acid-13C-4,0,0,0,0,0,0,0,0,0,0
6-Phosphogluconic acid-13C-5,0,0,0,0,0,0,0,0,0,0
6-Phosphogluconic acid-13C-6,0,0,0,0,0,0,0,0,0,0
"Fructose 1,6-bisphosphate-13C-0",0,0,0,0,0,0,0,0,0,0
"Fructose 1,6-bisphosphate-13C-1",0,0,0,0,0,0,0,0,0,0
"Fructose 1,6-bisphosphate-13C-2",0,0,0,0,0,0,0,0,0,0
"Fructose 1,6-bisphosphate-13C-3",0,0,0,0,0,0,0,0,0,0
"Fructose 1,6-bisphosphate-13C-4",0,0,0,0,0,0,0,0,0,0
"Fructose 1,6-bisphosphate-13C-5",0,0,0,0,0,0,0,0,0,0
"Fructose 1,6-bisphosphate-13C-6",0,0,0,0,0,0,0,0,0,0
Nicotinic acid-13C-0,0,0,0,0,0,0,0,0,0,0
Nicotinic acid-13C-1,0,0,0,0,0,0,0,0,0,0
Nicotinic acid-13C-2,0,0,0,0,0,0,0,0,0,0
Nicotinic acid-13C-3,0,0,0,0,0,0,0,0,0,0
Nicotinic acid-13C-4,0,0,0,0,0,0,0,0,0,0
Nicotinic acid-13C-5,0,0,0,0,0,0,0,0,0,0
Nicotinic acid-13C-6,0,0,0,0,0,0,0,0,0,69475
Niacinamide-13C-0,4694396,4933978,4114784,3714892,3903342,3664951,8009998,6969803,6648222,7505179
Niacinamide-13C-1,177402,197703,124784,135844,135856,129513,388242,336388,346168,380755
Niacinamide-13C-2,0,0,0,0,0,0,0,0,0,0
Niacinamide-13C-3,0,0,0,0,0,0,0,0,0,0
Niacinamide-13C-4,0,0,0,0,0,0,0,0,0,0
Niacinamide-13C-5,0,0,0,0,0,0,0,0,0,0
Niacinamide-13C-6,0,0,0,0,0,0,0,0,0,0
Phenol-13C-0,0,0,0,0,0,0,0,0,0,0
Phenol-13C-1,0,0,0,0,0,0,0,0,0,0
Phenol-13C-2,0,0,0,0,0,0,0,0,0,0
Phenol-13C-3,0,0,0,0,0,0,0,0,0,0
Phenol-13C-4,0,0,0,0,0,0,0,0,0,0
Phenol-13C-5,0,0,0,0,0,0,0,0,0,0
Phenol-13C-6,0,0,0,0,0,0,0,0,0,0
cis-Aconitic acid-13C-0,0,0,0,0,0,0,0,0,0,0
cis-Aconitic acid-13C-1,0,0,0,0,0,0,0,0,0,0
cis-Aconitic acid-13C-2,38953,24553,29379,0,26778,25125,38050,44726,0,0
cis-Aconitic acid-13C-3,0,0,0,0,0,0,0,0,0,0
cis-Aconitic acid-13C-4,0,0,0,0,0,0,18091,0,0,0
cis-Aconitic acid-13C-5,13233,0,0,0,0,0,0,0,0,0
cis-Aconitic acid-13C-6,0,0,0,0,0,0,0,14741,0,0
Oxoadipic acid-13C-0,0,0,0,0,0,0,0,0,0,0
Oxoadipic acid-13C-1,0,0,0,0,0,0,0,0,0,0
Oxoadipic acid-13C-2,0,0,0,0,0,0,0,0,0,0
Oxoadipic acid-13C-3,0,0,0,0,0,0,0,0,0,0
Oxoadipic acid-13C-4,0,0,0,0,0,0,0,0,0,0
Oxoadipic acid-13C-5,0,0,0,0,0,0,0,0,0,0
Oxoadipic acid-13C-6,11182,0,0,0,0,0,0,0,0,0
Citric acid-13C-0,0,0,0,0,0,0,0,0,0,0
Citric acid-13C-1,0,0,0,0,0,0,0,0,0,0
Citric acid-13C-2,0,0,14281,0,0,0,14288,28176,0,16187
Citric acid-13C-3,0,0,0,0,0,0,0,0,0,0
Citric acid-13C-4,0,0,0,0,0,0,0,17753,0,0
Citric acid-13C-5,0,0,0,0,0,0,0,0,0,0
Citric acid-13C-6,0,0,0,0,0,0,0,0,0,0
L-Histidine-13C-0,17911964,15464060,12585364,12054296,12654645,10961265,24862002,18483388,19524272,27154710
L-Histidine-13C-1,778010,794124,535578,621873,559585,424063,1187970,950142,950328,1354321
L-Histidine-13C-2,0,0,0,0,0,0,11121,0,11852,12805
L-Histidine-13C-3,0,0,0,0,0,0,0,0,0,0
L-Histidine-13C-4,0,0,0,0,0,0,0,0,0,0
L-Histidine-13C-5,0,0,0,0,0,0,0,0,0,0
L-Histidine-13C-6,0,0,0,0,0,0,0,0,0,0
N-Acetylglutamic acid-13C-0,0,0,0,0,0,0,0,0,0,0
N-Acetylglutamic acid-13C-1,0,0,0,0,0,0,0,0,0,0
N-Acetylglutamic acid-13C-2,0,54543,46420,0,0,0,60991,0,0,0
N-Acetylglutamic acid-13C-3,0,0,0,0,0,0,0,0,0,0
N-Acetylglutamic acid-13C-4,0,0,0,0,0,0,0,0,0,0
N-Acetylglutamic acid-13C-5,0,0,0,0,36277,0,0,0,27465,0
N-Acetylglutamic acid-13C-6,0,0,0,0,0,0,0,0,0,0
N-Acetylglutamic acid-13C-7,0,0,0,0,0,0,0,0,0,0
N-Acetylglutamine-13C-0,0,0,0,0,0,0,0,0,0,0
N-Acetylglutamine-13C-1,0,0,11327,0,0,0,0,0,0,0
N-Acetylglutamine-13C-2,0,0,0,0,0,0,0,0,0,0
N-Acetylglutamine-13C-3,0,0,0,0,0,0,0,0,0,0
N-Acetylglutamine-13C-4,0,0,0,0,0,0,0,0,0,0
N-Acetylglutamine-13C-5,0,0,0,0,0,0,0,0,0,0
N-Acetylglutamine-13C-6,0,0,0,0,0,0,0,0,0,0
N-Acetylglutamine-13C-7,0,0,0,0,0,0,0,0,0,0
N-Acetyl-L-methionine-13C-0,0,0,0,0,0,0,0,0,0,0
N-Acetyl-L-methionine-13C-1,0,0,0,0,0,0,0,0,0,0
N-Acetyl-L-methionine-13C-2,16190,14015,16926,0,0,0,28451,15592,0,0
N-Acetyl-L-methionine-13C-3,0,0,0,0,0,0,0,0,0,0
N-Acetyl-L-methionine-13C-4,0,0,0,0,0,0,0,0,0,0
N-Acetyl-L-methionine-13C-5,0,0,0,0,0,0,0,0,0,0
N-Acetyl-L-methionine-13C-6,0,0,0,0,0,13276,0,0,0,0
N-Acetyl-L-methionine-13C-7,0,0,0,0,0,0,0,0,0,0
N-Acetylornithine-13C-0,0,0,0,0,0,0,0,0,0,0
N-Acetylornithine-13C-1,0,0,0,0,0,0,0,0,0,0
N-Acetylornithine-13C-2,0,0,0,0,0,0,0,0,0,0
N-Acetylornithine-13C-3,0,0,0,0,0,0,0,0,0,0
N-Acetylornithine-13C-4,0,0,0,0,0,0,0,0,0,0
N-Acetylornithine-13C-5,0,0,0,0,0,0,0,0,0,0
N-Acetylornithine-13C-6,0,0,0,0,0,0,0,0,0,0
N-Acetylornithine-13C-7,0,0,0,0,0,0,0,0,0,0
L-Cystathionine-13C-0,0,0,0,0,0,0,0,0,0,0
L-Cystathionine-13C-1,0,0,0,0,0,0,0,0,0,0
L-Cystathionine-13C-2,0,0,0,0,0,0,0,0,0,0
L-Cystathionine-13C-3,0,0,0,0,0,0,0,0,0,0
L-Cystathionine-13C-4,0,0,0,0,0,0,0,0,0,0
L-Cystathionine-13C-5,0,0,0,0,0,0,0,0,0,0
L-Cystathionine-13C-6,0,0,0,0,0,0,0,0,0,0
L-Cystathionine-13C-7,0,0,0,0,0,0,0,0,0,0
L-Carnitine-13C-0,1001006,849861,938467,846121,980926,839900,707320,398933,507138,528558
L-Carnitine-13C-1,25794,28555,35995,21133,27102,21110,24385,11525,15596,18877
L-Carnitine-13C-2,0,0,0,0,0,0,0,0,0,0
L-Carnitine-13C-3,0,0,0,0,0,0,0,0,0,0
L-Carnitine-13C-4,0,0,0,0,0,0,0,0,0,0
L-Carnitine-13C-5,0,0,0,0,0,0,0,0,0,0
L-Carnitine-13C-6,0,0,0,0,0,0,0,0,0,0
L-Carnitine-13C-7,0,0,0,0,0,0,0,0,0,0
D-Sedoheptulose 7-phosphate-13C-0,0,0,0,0,0,0,0,0,0,0
D-Sedoheptulose 7-phosphate-13C-1,0,0,0,0,0,0,0,0,0,0
D-Sedoheptulose 7-phosphate-13C-2,0,0,0,0,0,0,0,0,0,0
D-Sedoheptulose 7-phosphate-13C-3,0,0,0,0,0,0,0,0,0,0
D-Sedoheptulose 7-phosphate-13C-4,0,0,0,0,0,0,0,0,0,0
D-Sedoheptulose 7-phosphate-13C-5,0,0,0,0,0,0,0,0,0,0
D-Sedoheptulose 7-phosphate-13C-6,0,0,0,0,0,0,0,0,0,0
D-Sedoheptulose 7-phosphate-13C-7,18347,0,17083,0,0,0,0,18881,0,20075
1-Methylnicotinamide-13C-0,0,0,0,0,0,0,0,0,0,0
1-Methylnicotinamide-13C-1,0,0,0,0,0,0,0,0,0,0
1-Methylnicotinamide-13C-2,0,0,0,0,0,0,0,0,0,0
1-Methylnicotinamide-13C-3,0,0,0,0,0,0,0,0,0,0
1-Methylnicotinamide-13C-4,0,0,0,0,0,0,0,0,0,0
1-Methylnicotinamide-13C-5,0,0,0,0,0,0,0,0,0,0
1-Methylnicotinamide-13C-6,0,0,0,0,0,0,0,0,0,0
1-Methylnicotinamide-13C-7,0,0,0,0,0,0,0,0,0,0
N6-Acetyl-L-lysine-13C-0,0,0,0,0,0,0,0,666248,958302,0
N6-Acetyl-L-lysine-13C-1,0,0,0,0,0,0,0,0,96503,0
N6-Acetyl-L-lysine-13C-2,0,0,0,0,0,0,0,0,0,0
N6-Acetyl-L-lysine-13C-3,0,0,0,0,0,0,0,0,0,0
N6-Acetyl-L-lysine-13C-4,0,0,0,0,0,0,0,0,0,0
N6-Acetyl-L-lysine-13C-5,85893,0,0,0,0,0,0,159606,111391,0
N6-Acetyl-L-lysine-13C-6,0,0,0,0,0,0,0,11922,12363,0
N6-Acetyl-L-lysine-13C-7,0,0,0,0,0,0,0,0,0,0
N6-Acetyl-L-lysine-13C-8,0,0,0,0,0,0,0,0,0,0
L-Phenylalanine-13C-0,7663965,8222592,5809514,5529954,6469540,5557050,13516016,7709158,8681940,10933725
L-Phenylalanine-13C-1,578626,619502,384635,355264,420267,371974,1278462,597411,677404,918954
L-Phenylalanine-13C-2,0,15379,0,0,0,0,22833,0,14554,23878
L-Phenylalanine-13C-3,0,0,0,0,0,0,0,0,0,0
L-Phenylalanine-13C-4,0,0,0,0,0,0,0,0,0,0
L-Phenylalanine-13C-5,0,0,0,0,0,0,0,0,0,0
L-Phenylalanine-13C-6,0,0,0,0,0,0,0,0,0,0
L-Phenylalanine-13C-7,0,0,0,0,0,0,0,0,0,0
L-Phenylalanine-13C-8,0,0,0,0,0,0,0,0,0,0
L-Phenylalanine-13C-9,0,0,0,0,0,0,54951,0,0,0
L-Tyrosine-13C-0,7215826,7216988,5326200,4689152,5502679,4820240,10131454,6811697,7421420,9905411
L-Tyrosine-13C-1,356635,472811,247068,223812,250953,278629,429150,298592,520175,643653
L-Tyrosine-13C-2,0,0,0,0,0,0,0,0,0,0
L-Tyrosine-13C-3,0,0,0,0,0,0,0,0,0,0
L-Tyrosine-13C-4,0,0,0,0,0,0,0,0,0,0
L-Tyrosine-13C-5,0,0,0,0,0,0,0,0,0,0
L-Tyrosine-13C-6,0,0,0,0,0,0,0,0,0,0
L-Tyrosine-13C-7,0,0,0,0,0,0,0,0,0,0
L-Tyrosine-13C-8,0,0,0,0,0,0,0,0,0,0
L-Tyrosine-13C-9,0,34047,21008,29834,24673,30209,0,0,0,22526
Uridine-13C-0,39068,45486,48634,40709,62893,40924,38702,44950,46172,40627
Uridine-13C-1,0,0,0,0,0,0,0,0,0,0
Uridine-13C-2,0,0,0,0,0,0,0,0,0,0
Uridine-13C-3,0,0,0,0,0,0,0,0,0,0
Uridine-13C-4,0,0,0,0,0,0,0,0,0,0
Uridine-13C-5,0,0,0,0,0,0,0,0,0,0
Uridine-13C-6,0,0,0,0,0,0,0,0,0,0
Uridine-13C-7,0,0,0,0,0,0,0,0,0,0
Uridine-13C-8,0,0,0,0,0,0,0,0,0,0
Uridine-13C-9,0,0,0,0,0,0,0,0,0,0
Uridine 5'-monophosphate-13C-0,0,0,0,0,0,0,12532,0,0,0
Uridine 5'-monophosphate-13C-1,0,0,0,0,0,0,0,0,0,0
Uridine 5'-monophosphate-13C-2,0,0,0,0,0,0,0,0,0,0
Uridine 5'-monophosphate-13C-3,0,0,0,0,0,0,0,0,0,0
Uridine 5'-monophosphate-13C-4,0,0,0,0,0,0,0,0,0,0
Uridine 5'-monophosphate-13C-5,0,0,0,0,0,0,58488,49532,41921,57111
Uridine 5'-monophosphate-13C-6,0,0,0,0,0,0,0,14884,0,10706
Uridine 5'-monophosphate-13C-7,0,0,0,0,0,0,10830,0,0,10060
Uridine 5'-monophosphate-13C-8,0,0,0,0,0,0,0,0,0,0
Uridine 5'-monophosphate-13C-9,0,0,0,0,0,0,0,0,0,0
Cytidine-13C-0,79815,64351,49226,79686,44960,0,150246,257268,256549,214108
Cytidine-13C-1,0,0,0,0,0,0,14034,11310,10569,16499
Cytidine-13C-2,0,0,0,0,0,0,0,0,0,0
Cytidine-13C-3,0,0,0,0,0,0,0,0,0,0
Cytidine-13C-4,0,0,0,0,0,0,0,10114,0,0
Cytidine-13C-5,209178,68679,141682,105024,127497,106988,167820,415935,291414,270589
Cytidine-13C-6,26860,10515,19489,25283,27787,25022,27605,55725,33149,37612
Cytidine-13C-7,31039,17500,29046,17325,33263,28073,23916,44469,36722,25298
Cytidine-13C-8,0,0,17675,0,0,0,0,0,0,0
Cytidine-13C-9,0,0,0,0,0,0,0,0,0,0
Uridine 5'-diphosphate-13C-0,0,0,0,0,0,0,0,0,0,0
Uridine 5'-diphosphate-13C-1,0,0,0,0,0,0,0,0,0,0
Uridine 5'-diphosphate-13C-2,0,0,0,0,0,0,0,0,0,0
Uridine 5'-diphosphate-13C-3,0,0,0,0,0,0,0,0,0,0
Uridine 5'-diphosphate-13C-4,0,0,0,0,0,0,0,0,0,0
Uridine 5'-diphosphate-13C-5,24749,15393,25737,18729,20686,18442,23056,26370,14793,20722
Uridine 5'-diphosphate-13C-6,0,0,0,0,0,0,0,0,0,0
Uridine 5'-diphosphate-13C-7,10179,0,0,0,0,0,0,0,0,0
Uridine 5'-diphosphate-13C-8,0,0,0,0,0,0,0,0,0,0
Uridine 5'-diphosphate-13C-9,0,0,0,0,0,0,0,0,0,0
Cytidine monophosphate-13C-0,0,0,0,0,0,0,0,0,0,0
Cytidine monophosphate-13C-1,17317,27851,26695,35086,18720,32904,25428,23697,37031,37067
Cytidine monophosphate-13C-2,0,0,0,0,0,0,0,0,0,0
Cytidine monophosphate-13C-3,0,17538,0,0,0,0,10098,0,0,26538
Cytidine monophosphate-13C-4,0,0,0,0,0,0,0,0,0,0
Cytidine monophosphate-13C-5,0,0,0,0,0,0,0,0,0,0
Cytidine monophosphate-13C-6,0,0,0,0,0,0,0,0,0,0
Cytidine monophosphate-13C-7,0,0,0,0,0,0,0,0,0,0
Cytidine monophosphate-13C-8,0,0,0,0,0,0,0,0,0,0
Cytidine monophosphate-13C-9,0,0,0,0,0,0,0,0,0,0
Carnosine-13C-0,0,0,0,0,0,0,0,0,0,0
Carnosine-13C-1,0,0,0,0,0,0,0,0,0,0
Carnosine-13C-2,0,0,0,0,0,0,0,0,0,0
Carnosine-13C-3,0,0,0,0,0,0,0,0,0,0
Carnosine-13C-4,0,0,0,0,0,0,0,0,0,0
Carnosine-13C-5,0,0,0,0,0,0,0,0,0,0
Carnosine-13C-6,0,0,0,0,0,0,0,0,0,0
Carnosine-13C-7,29394,25869,24409,41163,26489,15787,0,16982,17651,36696
Carnosine-13C-8,0,0,0,0,0,0,0,0,0,0
Carnosine-13C-9,0,0,0,0,0,0,0,0,0,0
Uridine triphosphate-13C-0,0,0,0,0,0,0,0,0,0,0
Uridine triphosphate-13C-1,0,0,0,0,0,0,0,0,0,0
Uridine triphosphate-13C-2,0,0,0,0,0,0,0,0,0,0
Uridine triphosphate-13C-3,0,0,0,0,0,0,0,0,0,0
Uridine triphosphate-13C-4,0,0,0,0,0,0,0,0,0,0
Uridine triphosphate-13C-5,0,0,0,0,0,0,0,0,0,0
Uridine triphosphate-13C-6,0,0,0,0,0,0,0,0,0,0
Uridine triphosphate-13C-7,0,0,0,0,0,0,0,0,0,0
Uridine triphosphate-13C-8,0,0,0,0,0,0,0,0,0,0
Uridine triphosphate-13C-9,0,0,0,0,0,0,0,0,0,0
CDP-13C-0,0,0,0,0,0,0,0,0,0,0
CDP-13C-1,0,0,0,0,0,0,0,0,0,0
CDP-13C-2,0,0,0,0,0,0,0,0,0,0
CDP-13C-3,0,0,0,0,0,0,0,0,0,0
CDP-13C-4,0,0,0,0,0,0,0,0,0,0
CDP-13C-5,0,0,0,0,0,0,0,0,0,0
CDP-13C-6,0,0,0,0,0,0,0,0,0,0
CDP-13C-7,0,0,0,0,0,0,0,0,0,0
CDP-13C-8,0,0,0,0,0,0,0,0,0,0
CDP-13C-9,0,0,0,0,0,0,0,0,0,0
Cytidine triphosphate-13C-0,0,0,0,0,0,0,0,0,0,0
Cytidine triphosphate-13C-1,0,0,0,0,0,0,0,0,0,0
Cytidine triphosphate-13C-2,0,0,0,0,0,0,0,0,0,0
Cytidine triphosphate-13C-3,0,0,0,0,0,0,0,0,0,0
Cytidine triphosphate-13C-4,0,0,0,0,0,0,0,0,0,0
Cytidine triphosphate-13C-5,0,0,0,0,0,0,0,0,0,0
Cytidine triphosphate-13C-6,0,0,0,0,0,0,0,0,0,0
Cytidine triphosphate-13C-7,0,0,0,0,0,0,0,0,0,0
Cytidine triphosphate-13C-8,0,0,0,0,0,0,0,0,0,0
Cytidine triphosphate-13C-9,0,0,0,0,0,0,0,0,0,0
L-Acetylcarnitine-13C-0,0,0,0,0,0,0,0,0,0,0
L-Acetylcarnitine-13C-1,0,0,0,0,18213,0,0,0,0,0
L-Acetylcarnitine-13C-2,171342,55201,166843,57552,88894,0,0,0,0,0
L-Acetylcarnitine-13C-3,15621,0,0,0,0,0,0,0,0,0
L-Acetylcarnitine-13C-4,0,0,0,0,0,0,0,0,0,0
L-Acetylcarnitine-13C-5,0,0,0,0,0,0,0,0,0,0
L-Acetylcarnitine-13C-6,0,0,0,0,0,0,0,0,0,0
L-Acetylcarnitine-13C-7,0,0,0,0,0,0,0,0,0,0
L-Acetylcarnitine-13C-8,0,0,0,0,0,0,0,0,0,0
L-Acetylcarnitine-13C-9,0,0,0,0,0,0,0,0,0,0
Pantothenic acid-13C-0,946600,930543,789308,950970,1125094,938688,2199659,1241466,1460327,1583565
Pantothenic acid-13C-1,36065,38770,31035,29285,54609,36957,98204,54858,43326,61264
Pantothenic acid-13C-2,0,0,0,0,0,0,0,0,0,0
Pantothenic acid-13C-3,0,0,0,0,0,0,0,0,0,0
Pantothenic acid-13C-4,0,0,0,0,0,0,0,0,0,0
Pantothenic acid-13C-5,0,0,0,0,0,0,0,0,0,0
Pantothenic acid-13C-6,0,0,0,0,0,0,0,0,0,0
Pantothenic acid-13C-7,0,0,0,0,0,0,0,0,0,0
Pantothenic acid-13C-8,0,0,0,0,0,0,0,0,0,0
Pantothenic acid-13C-9,0,0,0,0,0,0,0,0,0,0
Carbamoyl phosphate-13C-0,0,0,0,0,0,0,0,0,0,0
Carbamoyl phosphate-13C-1,0,0,0,0,0,0,0,0,0,0
